0 verbose cli /Users/fihsar/.nvm/versions/node/v24.15.0/bin/node /Users/fihsar/.nvm/versions/node/v24.15.0/lib/node_modules/npm/bin/npm-cli.js
1 info using npm@11.12.1
2 info using node@v24.15.0
3 silly config load:file:/Users/fihsar/.nvm/versions/node/v24.15.0/lib/node_modules/npm/npmrc
4 silly config load:file:/Users/fihsar/trae_projects/pmo-pulse/.npmrc
5 silly config load:file:/Users/fihsar/trae_projects/pmo-pulse/.tmp-home/.npmrc
6 silly config load:file:/Users/fihsar/.nvm/versions/node/v24.15.0/etc/npmrc
7 verbose title npm exec vercel env ls
8 verbose argv "exec" "--yes" "--" "vercel" "env" "ls"
9 verbose logfile logs-max:10 dir:/Users/fihsar/trae_projects/pmo-pulse/.tmp-home/.npm/_logs/2026-05-30T06_16_35_163Z-
10 verbose logfile /Users/fihsar/trae_projects/pmo-pulse/.tmp-home/.npm/_logs/2026-05-30T06_16_35_163Z-debug-0.log
11 silly logfile done cleaning log files
12 silly packumentCache heap:4496293888 maxSize:1124073472 maxEntrySize:562036736
13 http fetch GET 200 https://registry.npmjs.org/vercel 547ms (cache miss)
14 silly packumentCache heap:4496293888 maxSize:1124073472 maxEntrySize:562036736
15 http fetch GET 200 https://registry.npmjs.org/npm 661ms
16 silly packumentCache heap:4496293888 maxSize:1124073472 maxEntrySize:562036736
17 silly idealTree buildDeps
18 silly fetch manifest vercel@54.6.1
19 silly packumentCache full:https://registry.npmjs.org/vercel cache-miss
20 http fetch GET 200 https://registry.npmjs.org/vercel 568ms (cache miss)
21 silly packumentCache full:https://registry.npmjs.org/vercel set size:undefined disposed:false
22 silly placeDep ROOT vercel@54.6.1 OK for:  want: 54.6.1
23 silly fetch manifest @vercel/blob@2.4.0
24 silly packumentCache full:https://registry.npmjs.org/@vercel%2fblob cache-miss
25 silly fetch manifest @vercel/fun@1.3.0
26 silly packumentCache full:https://registry.npmjs.org/@vercel%2ffun cache-miss
27 silly fetch manifest @vercel/prepare-flags-definitions@0.2.1
28 silly packumentCache full:https://registry.npmjs.org/@vercel%2fprepare-flags-definitions cache-miss
29 silly fetch manifest chokidar@4.0.0
30 silly packumentCache full:https://registry.npmjs.org/chokidar cache-miss
31 silly fetch manifest esbuild@0.27.0
32 silly packumentCache full:https://registry.npmjs.org/esbuild cache-miss
33 silly fetch manifest form-data@^4.0.0
34 silly packumentCache full:https://registry.npmjs.org/form-data cache-miss
35 silly fetch manifest jose@5.9.6
36 silly packumentCache full:https://registry.npmjs.org/jose cache-miss
37 silly fetch manifest luxon@^3.4.0
38 silly packumentCache full:https://registry.npmjs.org/luxon cache-miss
39 silly fetch manifest proxy-agent@6.4.0
40 silly packumentCache full:https://registry.npmjs.org/proxy-agent cache-miss
41 http fetch GET 200 https://registry.npmjs.org/chokidar 61ms (cache miss)
42 silly packumentCache full:https://registry.npmjs.org/chokidar set size:undefined disposed:false
43 silly fetch manifest sandbox@2.5.6
44 silly packumentCache full:https://registry.npmjs.org/sandbox cache-miss
45 http fetch GET 200 https://registry.npmjs.org/sandbox 33ms (cache miss)
46 silly packumentCache full:https://registry.npmjs.org/sandbox set size:undefined disposed:false
47 silly fetch manifest smol-toml@1.5.2
48 silly packumentCache full:https://registry.npmjs.org/smol-toml cache-miss
49 http fetch GET 200 https://registry.npmjs.org/smol-toml 20ms (cache miss)
50 silly packumentCache full:https://registry.npmjs.org/smol-toml set size:undefined disposed:false
51 silly fetch manifest zod@4.1.11
52 silly packumentCache full:https://registry.npmjs.org/zod cache-miss
53 http fetch GET 200 https://registry.npmjs.org/@vercel%2fprepare-flags-definitions 238ms (cache miss)
54 silly packumentCache full:https://registry.npmjs.org/@vercel%2fprepare-flags-definitions set size:undefined disposed:false
55 silly fetch manifest @vercel/backends@0.8.3
56 silly packumentCache full:https://registry.npmjs.org/@vercel%2fbackends cache-miss
57 http fetch GET 200 https://registry.npmjs.org/form-data 251ms (cache miss)
58 silly packumentCache full:https://registry.npmjs.org/form-data set size:undefined disposed:false
59 silly fetch manifest @vercel/cli-config@0.1.2
60 silly packumentCache full:https://registry.npmjs.org/@vercel%2fcli-config cache-miss
61 http fetch GET 200 https://registry.npmjs.org/proxy-agent 314ms (cache miss)
62 silly packumentCache full:https://registry.npmjs.org/proxy-agent set size:undefined disposed:false
63 silly fetch manifest @vercel/build-utils@13.26.4
64 silly packumentCache full:https://registry.npmjs.org/@vercel%2fbuild-utils cache-miss
65 http fetch GET 200 https://registry.npmjs.org/jose 414ms (cache miss)
66 silly packumentCache full:https://registry.npmjs.org/jose set size:undefined disposed:false
67 silly fetch manifest @vercel/detect-agent@1.2.3
68 silly packumentCache full:https://registry.npmjs.org/@vercel%2fdetect-agent cache-miss
69 http fetch GET 200 https://registry.npmjs.org/@vercel%2fcli-config 207ms (cache miss)
70 silly packumentCache full:https://registry.npmjs.org/@vercel%2fcli-config set size:undefined disposed:false
71 silly fetch manifest @vercel/elysia@0.1.84
72 silly packumentCache full:https://registry.npmjs.org/@vercel%2felysia cache-miss
73 http fetch GET 200 https://registry.npmjs.org/@vercel%2fblob 597ms (cache miss)
74 silly packumentCache full:https://registry.npmjs.org/@vercel%2fblob set size:undefined disposed:false
75 silly fetch manifest @vercel/express@0.1.94
76 silly packumentCache full:https://registry.npmjs.org/@vercel%2fexpress cache-miss
77 http fetch GET 200 https://registry.npmjs.org/@vercel%2fbackends 417ms (cache miss)
78 silly packumentCache full:https://registry.npmjs.org/@vercel%2fbackends set size:undefined disposed:false
79 silly fetch manifest @vercel/h3@0.1.93
80 silly packumentCache full:https://registry.npmjs.org/@vercel%2fh3 cache-miss
81 http fetch GET 200 https://registry.npmjs.org/@vercel%2felysia 217ms (cache miss)
82 silly packumentCache full:https://registry.npmjs.org/@vercel%2felysia set size:undefined disposed:false
83 silly fetch manifest @vercel/fastify@0.1.87
84 silly packumentCache full:https://registry.npmjs.org/@vercel%2ffastify cache-miss
85 http fetch GET 200 https://registry.npmjs.org/@vercel%2fbuild-utils 477ms (cache miss)
86 silly packumentCache full:https://registry.npmjs.org/@vercel%2fbuild-utils set size:undefined disposed:false
87 silly fetch manifest @vercel/go@3.8.0
88 silly packumentCache full:https://registry.npmjs.org/@vercel%2fgo cache-miss
89 http fetch GET 200 https://registry.npmjs.org/@vercel%2ffun 806ms (cache miss)
90 silly packumentCache full:https://registry.npmjs.org/@vercel%2ffun set size:undefined disposed:false
91 silly fetch manifest @vercel/hydrogen@1.3.8
92 silly packumentCache full:https://registry.npmjs.org/@vercel%2fhydrogen cache-miss
93 http fetch GET 200 https://registry.npmjs.org/luxon 849ms (cache miss)
94 silly packumentCache full:https://registry.npmjs.org/luxon set size:undefined disposed:false
95 silly fetch manifest @vercel/hono@0.2.87
96 silly packumentCache full:https://registry.npmjs.org/@vercel%2fhono cache-miss
97 http fetch GET 200 https://registry.npmjs.org/@vercel%2ffastify 221ms (cache miss)
98 silly packumentCache full:https://registry.npmjs.org/@vercel%2ffastify set size:undefined disposed:false
99 silly fetch manifest @vercel/koa@0.1.67
100 silly packumentCache full:https://registry.npmjs.org/@vercel%2fkoa cache-miss
101 http fetch GET 200 https://registry.npmjs.org/@vercel%2fexpress 355ms (cache miss)
102 silly packumentCache full:https://registry.npmjs.org/@vercel%2fexpress set size:undefined disposed:false
103 silly fetch manifest @vercel/nestjs@0.2.88
104 silly packumentCache full:https://registry.npmjs.org/@vercel%2fnestjs cache-miss
105 http fetch GET 200 https://registry.npmjs.org/esbuild 968ms (cache miss)
106 silly packumentCache full:https://registry.npmjs.org/esbuild set size:undefined disposed:false
107 silly fetch manifest @vercel/redwood@2.4.15
108 silly packumentCache full:https://registry.npmjs.org/@vercel%2fredwood cache-miss
109 http fetch GET 200 https://registry.npmjs.org/@vercel%2fdetect-agent 611ms (cache miss)
110 silly packumentCache full:https://registry.npmjs.org/@vercel%2fdetect-agent set size:undefined disposed:false
111 silly fetch manifest @vercel/next@4.17.5
112 silly packumentCache full:https://registry.npmjs.org/@vercel%2fnext cache-miss
113 http fetch GET 200 https://registry.npmjs.org/zod 997ms (cache miss)
114 silly packumentCache full:https://registry.npmjs.org/zod set size:undefined disposed:false
115 silly fetch manifest @vercel/python@6.44.0
116 silly packumentCache full:https://registry.npmjs.org/@vercel%2fpython cache-miss
117 http fetch GET 200 https://registry.npmjs.org/@vercel%2fkoa 224ms (cache miss)
118 silly packumentCache full:https://registry.npmjs.org/@vercel%2fkoa set size:undefined disposed:false
119 silly fetch manifest @vercel/remix-builder@5.8.4
120 silly packumentCache full:https://registry.npmjs.org/@vercel%2fremix-builder cache-miss
121 http fetch GET 200 https://registry.npmjs.org/@vercel%2fhono 285ms (cache miss)
122 silly packumentCache full:https://registry.npmjs.org/@vercel%2fhono set size:undefined disposed:false
123 silly fetch manifest @vercel/ruby@2.4.0
124 silly packumentCache full:https://registry.npmjs.org/@vercel%2fruby cache-miss
125 http fetch GET 200 https://registry.npmjs.org/@vercel%2fgo 455ms (cache miss)
126 silly packumentCache full:https://registry.npmjs.org/@vercel%2fgo set size:undefined disposed:false
127 silly fetch manifest @vercel/rust@1.3.0
128 silly packumentCache full:https://registry.npmjs.org/@vercel%2frust cache-miss
129 http fetch GET 200 https://registry.npmjs.org/@vercel%2fh3 677ms (cache miss)
130 silly packumentCache full:https://registry.npmjs.org/@vercel%2fh3 set size:undefined disposed:false
131 silly fetch manifest @vercel/node@5.8.8
132 silly packumentCache full:https://registry.npmjs.org/@vercel%2fnode cache-miss
133 http fetch GET 200 https://registry.npmjs.org/@vercel%2fremix-builder 225ms (cache miss)
134 silly packumentCache full:https://registry.npmjs.org/@vercel%2fremix-builder set size:undefined disposed:false
135 silly fetch manifest @vercel/static-build@2.9.33
136 silly packumentCache full:https://registry.npmjs.org/@vercel%2fstatic-build cache-miss
137 http fetch GET 200 https://registry.npmjs.org/@vercel%2fhydrogen 644ms (cache miss)
138 silly packumentCache full:https://registry.npmjs.org/@vercel%2fhydrogen set size:undefined disposed:false
139 http fetch GET 200 https://registry.npmjs.org/@vercel%2fnext 596ms (cache miss)
140 silly packumentCache full:https://registry.npmjs.org/@vercel%2fnext set size:undefined disposed:false
141 http fetch GET 200 https://registry.npmjs.org/@vercel%2fruby 532ms (cache miss)
142 silly packumentCache full:https://registry.npmjs.org/@vercel%2fruby set size:undefined disposed:false
143 http fetch GET 200 https://registry.npmjs.org/@vercel%2frust 423ms (cache miss)
144 silly packumentCache full:https://registry.npmjs.org/@vercel%2frust set size:undefined disposed:false
145 http fetch GET 200 https://registry.npmjs.org/@vercel%2fredwood 718ms (cache miss)
146 silly packumentCache full:https://registry.npmjs.org/@vercel%2fredwood set size:undefined disposed:false
147 http fetch GET 200 https://registry.npmjs.org/@vercel%2fnestjs 777ms (cache miss)
148 silly packumentCache full:https://registry.npmjs.org/@vercel%2fnestjs set size:undefined disposed:false
149 http fetch GET 200 https://registry.npmjs.org/@vercel%2fpython 963ms (cache miss)
150 silly packumentCache full:https://registry.npmjs.org/@vercel%2fpython set size:undefined disposed:false
151 http fetch GET 200 https://registry.npmjs.org/@vercel%2fnode 754ms (cache miss)
152 silly packumentCache full:https://registry.npmjs.org/@vercel%2fnode set size:undefined disposed:false
153 http fetch GET 200 https://registry.npmjs.org/@vercel%2fstatic-build 745ms (cache miss)
154 silly packumentCache full:https://registry.npmjs.org/@vercel%2fstatic-build set size:undefined disposed:false
155 silly placeDep ROOT @vercel/backends@0.8.3 OK for: vercel@54.6.1 want: 0.8.3
156 silly placeDep ROOT @vercel/blob@2.4.0 OK for: vercel@54.6.1 want: 2.4.0
157 silly placeDep ROOT @vercel/build-utils@13.26.4 OK for: vercel@54.6.1 want: 13.26.4
158 silly placeDep ROOT @vercel/cli-config@0.1.2 OK for: vercel@54.6.1 want: 0.1.2
159 silly placeDep ROOT @vercel/detect-agent@1.2.3 OK for: vercel@54.6.1 want: 1.2.3
160 silly placeDep ROOT @vercel/elysia@0.1.84 OK for: vercel@54.6.1 want: 0.1.84
161 silly placeDep ROOT @vercel/express@0.1.94 OK for: vercel@54.6.1 want: 0.1.94
162 silly placeDep ROOT @vercel/fastify@0.1.87 OK for: vercel@54.6.1 want: 0.1.87
163 silly placeDep ROOT @vercel/fun@1.3.0 OK for: vercel@54.6.1 want: 1.3.0
164 silly placeDep ROOT @vercel/go@3.8.0 OK for: vercel@54.6.1 want: 3.8.0
165 silly placeDep ROOT @vercel/h3@0.1.93 OK for: vercel@54.6.1 want: 0.1.93
166 silly placeDep ROOT @vercel/hono@0.2.87 OK for: vercel@54.6.1 want: 0.2.87
167 silly placeDep ROOT @vercel/hydrogen@1.3.8 OK for: vercel@54.6.1 want: 1.3.8
168 silly placeDep ROOT @vercel/koa@0.1.67 OK for: vercel@54.6.1 want: 0.1.67
169 silly placeDep ROOT @vercel/nestjs@0.2.88 OK for: vercel@54.6.1 want: 0.2.88
170 silly placeDep ROOT @vercel/next@4.17.5 OK for: vercel@54.6.1 want: 4.17.5
171 silly placeDep ROOT @vercel/node@5.8.8 OK for: vercel@54.6.1 want: 5.8.8
172 silly placeDep ROOT @vercel/prepare-flags-definitions@0.2.1 OK for: vercel@54.6.1 want: 0.2.1
173 silly placeDep ROOT @vercel/python@6.44.0 OK for: vercel@54.6.1 want: 6.44.0
174 silly placeDep ROOT @vercel/redwood@2.4.15 OK for: vercel@54.6.1 want: 2.4.15
175 silly placeDep ROOT @vercel/remix-builder@5.8.4 OK for: vercel@54.6.1 want: 5.8.4
176 silly placeDep ROOT @vercel/ruby@2.4.0 OK for: vercel@54.6.1 want: 2.4.0
177 silly placeDep ROOT @vercel/rust@1.3.0 OK for: vercel@54.6.1 want: 1.3.0
178 silly placeDep ROOT @vercel/static-build@2.9.33 OK for: vercel@54.6.1 want: 2.9.33
179 silly placeDep ROOT chokidar@4.0.0 OK for: vercel@54.6.1 want: 4.0.0
180 silly placeDep ROOT esbuild@0.27.0 OK for: vercel@54.6.1 want: 0.27.0
181 silly placeDep ROOT form-data@4.0.5 OK for: vercel@54.6.1 want: ^4.0.0
182 silly placeDep ROOT jose@5.9.6 OK for: vercel@54.6.1 want: 5.9.6
183 silly placeDep ROOT luxon@3.7.2 OK for: vercel@54.6.1 want: ^3.4.0
184 silly placeDep ROOT proxy-agent@6.4.0 OK for: vercel@54.6.1 want: 6.4.0
185 silly placeDep ROOT sandbox@2.5.6 OK for: vercel@54.6.1 want: 2.5.6
186 silly placeDep ROOT smol-toml@1.5.2 OK for: vercel@54.6.1 want: 1.5.2
187 silly placeDep ROOT zod@4.1.11 OK for: vercel@54.6.1 want: 4.1.11
188 silly fetch manifest @vercel/nft@1.10.0
189 silly packumentCache full:https://registry.npmjs.org/@vercel%2fnft cache-miss
190 silly fetch manifest execa@3.2.0
191 silly packumentCache full:https://registry.npmjs.org/execa cache-miss
192 silly fetch manifest fs-extra@11.1.0
193 silly packumentCache full:https://registry.npmjs.org/fs-extra cache-miss
194 silly fetch manifest get-port@5.1.1
195 silly packumentCache full:https://registry.npmjs.org/get-port cache-miss
196 silly fetch manifest oxc-transform@0.111.0
197 silly packumentCache full:https://registry.npmjs.org/oxc-transform cache-miss
198 silly fetch manifest path-to-regexp@8.3.0
199 silly packumentCache full:https://registry.npmjs.org/path-to-regexp cache-miss
200 silly fetch manifest resolve.exports@2.0.3
201 silly packumentCache full:https://registry.npmjs.org/resolve.exports cache-miss
202 silly fetch manifest rolldown@1.0.0-rc.1
203 silly packumentCache full:https://registry.npmjs.org/rolldown cache-miss
204 silly fetch manifest srvx@0.8.9
205 silly packumentCache full:https://registry.npmjs.org/srvx cache-miss
206 http fetch GET 200 https://registry.npmjs.org/resolve.exports 65ms (cache miss)
207 silly packumentCache full:https://registry.npmjs.org/resolve.exports set size:undefined disposed:false
208 silly fetch manifest tsx@4.21.0
209 silly packumentCache full:https://registry.npmjs.org/tsx cache-miss
210 http fetch GET 200 https://registry.npmjs.org/fs-extra 74ms (cache miss)
211 silly packumentCache full:https://registry.npmjs.org/fs-extra set size:undefined disposed:false
212 silly fetch manifest zod@3.22.4
213 silly packumentCache full:https://registry.npmjs.org/zod cache-miss
214 http cache https://registry.npmjs.org/zod 4ms (cache hit)
215 silly packumentCache full:https://registry.npmjs.org/zod set size:3552562 disposed:false
216 silly fetch manifest async-retry@^1.3.3
217 silly packumentCache full:https://registry.npmjs.org/async-retry cache-miss
218 http fetch GET 200 https://registry.npmjs.org/execa 99ms (cache miss)
219 silly packumentCache full:https://registry.npmjs.org/execa set size:undefined disposed:false
220 silly fetch manifest is-buffer@^2.0.5
221 silly packumentCache full:https://registry.npmjs.org/is-buffer cache-miss
222 http fetch GET 200 https://registry.npmjs.org/async-retry 25ms (cache miss)
223 silly packumentCache full:https://registry.npmjs.org/async-retry set size:undefined disposed:false
224 silly fetch manifest is-node-process@^1.2.0
225 silly packumentCache full:https://registry.npmjs.org/is-node-process cache-miss
226 http fetch GET 200 https://registry.npmjs.org/path-to-regexp 131ms (cache miss)
227 silly packumentCache full:https://registry.npmjs.org/path-to-regexp set size:undefined disposed:false
228 silly fetch manifest throttleit@^2.1.0
229 silly packumentCache full:https://registry.npmjs.org/throttleit cache-miss
230 http fetch GET 200 https://registry.npmjs.org/tsx 75ms (cache miss)
231 silly packumentCache full:https://registry.npmjs.org/tsx set size:undefined disposed:false
232 silly fetch manifest undici@^6.23.0
233 silly packumentCache full:https://registry.npmjs.org/undici cache-miss
234 http fetch GET 200 https://registry.npmjs.org/is-node-process 34ms (cache miss)
235 silly packumentCache full:https://registry.npmjs.org/is-node-process set size:undefined disposed:false
236 silly fetch manifest cjs-module-lexer@1.2.3
237 silly packumentCache full:https://registry.npmjs.org/cjs-module-lexer cache-miss
238 http fetch GET 200 https://registry.npmjs.org/get-port 255ms (cache miss)
239 silly packumentCache full:https://registry.npmjs.org/get-port set size:undefined disposed:false
240 silly fetch manifest es-module-lexer@1.5.0
241 silly packumentCache full:https://registry.npmjs.org/es-module-lexer cache-miss
242 http fetch GET 200 https://registry.npmjs.org/es-module-lexer 38ms (cache miss)
243 silly packumentCache full:https://registry.npmjs.org/es-module-lexer set size:undefined disposed:false
244 silly fetch manifest @vercel/python-analysis@0.11.1
245 silly packumentCache full:https://registry.npmjs.org/@vercel%2fpython-analysis cache-miss
246 http fetch GET 200 https://registry.npmjs.org/srvx 298ms (cache miss)
247 silly packumentCache full:https://registry.npmjs.org/srvx set size:undefined disposed:false
248 silly fetch manifest xdg-app-paths@5
249 silly packumentCache full:https://registry.npmjs.org/xdg-app-paths cache-miss
250 http fetch GET 200 https://registry.npmjs.org/is-buffer 220ms (cache miss)
251 silly packumentCache full:https://registry.npmjs.org/is-buffer set size:undefined disposed:false
252 silly fetch manifest @vercel/static-config@3.4.0
253 silly packumentCache full:https://registry.npmjs.org/@vercel%2fstatic-config cache-miss
254 http fetch GET 200 https://registry.npmjs.org/throttleit 278ms (cache miss)
255 silly packumentCache full:https://registry.npmjs.org/throttleit set size:undefined disposed:false
256 silly fetch manifest @vercel/nft@1.10.0
257 silly packumentCache full:https://registry.npmjs.org/@vercel%2fnft cache-miss
258 http fetch GET 200 https://registry.npmjs.org/cjs-module-lexer 277ms (cache miss)
259 silly packumentCache full:https://registry.npmjs.org/cjs-module-lexer set size:undefined disposed:false
260 silly fetch manifest ts-morph@12.0.0
261 silly packumentCache full:https://registry.npmjs.org/ts-morph cache-miss
262 http fetch GET 200 https://registry.npmjs.org/ts-morph 156ms (cache miss)
263 silly packumentCache full:https://registry.npmjs.org/ts-morph set size:undefined disposed:false
264 silly fetch manifest @vercel/cervel@0.1.11
265 silly packumentCache full:https://registry.npmjs.org/@vercel%2fcervel cache-miss
266 http fetch GET 200 https://registry.npmjs.org/xdg-app-paths 288ms (cache miss)
267 silly packumentCache full:https://registry.npmjs.org/xdg-app-paths set size:undefined disposed:false
268 silly fetch manifest @vercel/static-config@3.4.0
269 silly packumentCache full:https://registry.npmjs.org/@vercel%2fstatic-config cache-miss
270 http fetch GET 200 https://registry.npmjs.org/undici 448ms (cache miss)
271 silly packumentCache full:https://registry.npmjs.org/undici set size:undefined disposed:false
272 silly fetch manifest @vercel/static-config@3.4.0
273 silly packumentCache full:https://registry.npmjs.org/@vercel%2fstatic-config cache-miss
274 http fetch GET 200 https://registry.npmjs.org/@vercel%2fstatic-config 34ms (cache miss)
275 silly packumentCache full:https://registry.npmjs.org/@vercel%2fstatic-config set size:undefined disposed:false
276 silly fetch manifest ms@2.1.1
277 silly packumentCache full:https://registry.npmjs.org/ms cache-miss
278 http fetch GET 200 https://registry.npmjs.org/@vercel%2fstatic-config 309ms (cache miss)
279 silly packumentCache full:https://registry.npmjs.org/@vercel%2fstatic-config set size:undefined disposed:false
280 silly fetch manifest tar@7.5.7
281 silly packumentCache full:https://registry.npmjs.org/tar cache-miss
282 http fetch GET 200 https://registry.npmjs.org/@vercel%2fstatic-config 50ms (cache miss)
283 silly packumentCache full:https://registry.npmjs.org/@vercel%2fstatic-config set size:undefined disposed:false
284 silly fetch manifest debug@4.3.4
285 silly packumentCache full:https://registry.npmjs.org/debug cache-miss
286 http fetch GET 200 https://registry.npmjs.org/rolldown 677ms (cache miss)
287 silly packumentCache full:https://registry.npmjs.org/rolldown set size:undefined disposed:false
288 silly fetch manifest micro@9.3.5-canary.3
289 silly packumentCache full:https://registry.npmjs.org/micro cache-miss
290 http fetch GET 200 https://registry.npmjs.org/debug 46ms (cache miss)
291 silly packumentCache full:https://registry.npmjs.org/debug set size:undefined disposed:false
292 silly fetch manifest semver@7.5.4
293 silly packumentCache full:https://registry.npmjs.org/semver cache-miss
294 http fetch GET 200 https://registry.npmjs.org/micro 31ms (cache miss)
295 silly packumentCache full:https://registry.npmjs.org/micro set size:undefined disposed:false
296 silly fetch manifest tinyexec@0.3.2
297 silly packumentCache full:https://registry.npmjs.org/tinyexec cache-miss
298 http fetch GET 200 https://registry.npmjs.org/@vercel%2fpython-analysis 422ms (cache miss)
299 silly packumentCache full:https://registry.npmjs.org/@vercel%2fpython-analysis set size:undefined disposed:false
300 silly fetch manifest stat-mode@0.3.0
301 silly packumentCache full:https://registry.npmjs.org/stat-mode cache-miss
302 http fetch GET 200 https://registry.npmjs.org/oxc-transform 732ms (cache miss)
303 silly packumentCache full:https://registry.npmjs.org/oxc-transform set size:undefined disposed:false
304 silly fetch manifest tree-kill@1.2.2
305 silly packumentCache full:https://registry.npmjs.org/tree-kill cache-miss
306 http fetch GET 200 https://registry.npmjs.org/tinyexec 27ms (cache miss)
307 silly packumentCache full:https://registry.npmjs.org/tinyexec set size:undefined disposed:false
308 silly fetch manifest node-fetch@2.6.7
309 silly packumentCache full:https://registry.npmjs.org/node-fetch cache-miss
310 http fetch GET 200 https://registry.npmjs.org/semver 52ms (cache miss)
311 silly packumentCache full:https://registry.npmjs.org/semver set size:undefined disposed:false
312 silly fetch manifest promisepipe@3.0.0
313 silly packumentCache full:https://registry.npmjs.org/promisepipe cache-miss
314 http fetch GET 200 https://registry.npmjs.org/tree-kill 31ms (cache miss)
315 silly packumentCache full:https://registry.npmjs.org/tree-kill set size:undefined disposed:false
316 silly fetch manifest uid-promise@1.0.0
317 silly packumentCache full:https://registry.npmjs.org/uid-promise cache-miss
318 http fetch GET 200 https://registry.npmjs.org/@vercel%2fcervel 268ms (cache miss)
319 silly packumentCache full:https://registry.npmjs.org/@vercel%2fcervel set size:undefined disposed:false
320 silly fetch manifest async-listen@1.2.0
321 silly packumentCache full:https://registry.npmjs.org/async-listen cache-miss
322 http fetch GET 200 https://registry.npmjs.org/@vercel%2fnft 441ms (cache miss)
323 silly packumentCache full:https://registry.npmjs.org/@vercel%2fnft set size:undefined disposed:false
324 silly fetch manifest generic-pool@3.4.2
325 silly packumentCache full:https://registry.npmjs.org/generic-pool cache-miss
326 http fetch GET 200 https://registry.npmjs.org/ms 232ms (cache miss)
327 silly packumentCache full:https://registry.npmjs.org/ms set size:undefined disposed:false
328 silly fetch manifest xdg-app-paths@5.1.0
329 silly packumentCache full:https://registry.npmjs.org/xdg-app-paths cache-miss
330 http cache https://registry.npmjs.org/xdg-app-paths 2ms (cache hit)
331 silly packumentCache full:https://registry.npmjs.org/xdg-app-paths set size:295911 disposed:false
332 silly fetch manifest yauzl-promise@2.1.3
333 silly packumentCache full:https://registry.npmjs.org/yauzl-promise cache-miss
334 http fetch GET 200 https://registry.npmjs.org/async-listen 28ms (cache miss)
335 silly packumentCache full:https://registry.npmjs.org/async-listen set size:undefined disposed:false
336 silly fetch manifest path-to-regexp@8.2.0
337 silly packumentCache full:https://registry.npmjs.org/path-to-regexp cache-miss
338 http cache https://registry.npmjs.org/path-to-regexp 1ms (cache hit)
339 silly packumentCache full:https://registry.npmjs.org/path-to-regexp set size:216334 disposed:false
340 silly fetch manifest @tootallnate/once@2.0.0
341 silly packumentCache full:https://registry.npmjs.org/@tootallnate%2fonce cache-miss
342 http fetch GET 200 https://registry.npmjs.org/yauzl-promise 37ms (cache miss)
343 silly packumentCache full:https://registry.npmjs.org/yauzl-promise set size:undefined disposed:false
344 silly fetch manifest stream-to-promise@2.2.0
345 silly packumentCache full:https://registry.npmjs.org/stream-to-promise cache-miss
346 http fetch GET 200 https://registry.npmjs.org/tar 269ms (cache miss)
347 silly packumentCache full:https://registry.npmjs.org/tar set size:undefined disposed:false
348 silly fetch manifest @edge-runtime/node-utils@2.3.0
349 silly packumentCache full:https://registry.npmjs.org/@edge-runtime%2fnode-utils cache-miss
350 http fetch GET 200 https://registry.npmjs.org/stat-mode 212ms (cache miss)
351 silly packumentCache full:https://registry.npmjs.org/stat-mode set size:undefined disposed:false
352 silly fetch manifest @edge-runtime/primitives@4.1.0
353 silly packumentCache full:https://registry.npmjs.org/@edge-runtime%2fprimitives cache-miss
354 http fetch GET 200 https://registry.npmjs.org/uid-promise 260ms (cache miss)
355 silly packumentCache full:https://registry.npmjs.org/uid-promise set size:undefined disposed:false
356 silly fetch manifest @edge-runtime/vm@3.2.0
357 silly packumentCache full:https://registry.npmjs.org/@edge-runtime%2fvm cache-miss
358 http fetch GET 200 https://registry.npmjs.org/@vercel%2fnft 1031ms (cache miss)
359 silly packumentCache full:https://registry.npmjs.org/@vercel%2fnft set size:undefined disposed:false
360 silly fetch manifest @types/node@20.11.0
361 silly packumentCache full:https://registry.npmjs.org/@types%2fnode cache-miss
362 http fetch GET 200 https://registry.npmjs.org/node-fetch 309ms (cache miss)
363 silly packumentCache full:https://registry.npmjs.org/node-fetch set size:undefined disposed:false
364 silly fetch manifest async-listen@3.0.0
365 silly packumentCache full:https://registry.npmjs.org/async-listen cache-miss
366 http cache https://registry.npmjs.org/async-listen 1ms (cache hit)
367 silly packumentCache full:https://registry.npmjs.org/async-listen set size:27933 disposed:false
368 silly fetch manifest edge-runtime@2.5.9
369 silly packumentCache full:https://registry.npmjs.org/edge-runtime cache-miss
370 http fetch GET 200 https://registry.npmjs.org/edge-runtime 83ms (cache miss)
371 silly packumentCache full:https://registry.npmjs.org/edge-runtime set size:undefined disposed:false
372 silly fetch manifest es-module-lexer@1.4.1
373 silly packumentCache full:https://registry.npmjs.org/es-module-lexer cache-miss
374 http fetch GET 200 https://registry.npmjs.org/generic-pool 286ms (cache miss)
375 silly packumentCache full:https://registry.npmjs.org/generic-pool set size:undefined disposed:false
376 silly fetch manifest etag@1.8.1
377 silly packumentCache full:https://registry.npmjs.org/etag cache-miss
378 http cache https://registry.npmjs.org/es-module-lexer 3ms (cache hit)
379 silly packumentCache full:https://registry.npmjs.org/es-module-lexer set size:205389 disposed:false
380 silly fetch manifest mime-types@2.1.35
381 silly packumentCache full:https://registry.npmjs.org/mime-types cache-miss
382 http fetch GET 200 https://registry.npmjs.org/promisepipe 422ms (cache miss)
383 silly packumentCache full:https://registry.npmjs.org/promisepipe set size:undefined disposed:false
384 silly fetch manifest node-fetch@2.6.9
385 silly packumentCache full:https://registry.npmjs.org/node-fetch cache-miss
386 http fetch GET 200 https://registry.npmjs.org/etag 26ms (cache miss)
387 silly packumentCache full:https://registry.npmjs.org/etag set size:undefined disposed:false
388 silly fetch manifest path-to-regexp-updated@npm:path-to-regexp@6.3.0
389 silly packumentCache full:https://registry.npmjs.org/path-to-regexp cache-hit
390 silly fetch manifest path-to-regexp@6.1.0
391 silly packumentCache full:https://registry.npmjs.org/path-to-regexp cache-hit
392 silly fetch manifest typescript@npm:typescript@5.9.3
393 silly packumentCache full:https://registry.npmjs.org/typescript cache-miss
394 http cache https://registry.npmjs.org/node-fetch 2ms (cache hit)
395 silly packumentCache full:https://registry.npmjs.org/node-fetch set size:896010 disposed:false
396 silly fetch manifest undici@5.28.4
397 silly packumentCache full:https://registry.npmjs.org/undici cache-miss
398 http cache https://registry.npmjs.org/undici 4ms (cache hit)
399 silly packumentCache full:https://registry.npmjs.org/undici set size:1396737 disposed:false
400 silly fetch manifest @vercel/error-utils@2.1.0
401 silly packumentCache full:https://registry.npmjs.org/@vercel%2ferror-utils cache-miss
402 http fetch GET 200 https://registry.npmjs.org/mime-types 44ms (cache miss)
403 silly packumentCache full:https://registry.npmjs.org/mime-types set size:undefined disposed:false
404 silly fetch manifest semver@6.3.1
405 silly packumentCache full:https://registry.npmjs.org/semver cache-miss
406 http cache https://registry.npmjs.org/semver 1ms (cache hit)
407 silly packumentCache full:https://registry.npmjs.org/semver set size:235672 disposed:false
408 silly fetch manifest @vercel/error-utils@2.1.0
409 silly packumentCache full:https://registry.npmjs.org/@vercel%2ferror-utils cache-miss
410 http fetch GET 200 https://registry.npmjs.org/@tootallnate%2fonce 392ms (cache miss)
411 silly packumentCache full:https://registry.npmjs.org/@tootallnate%2fonce set size:undefined disposed:false
412 silly fetch manifest execa@5
413 silly packumentCache full:https://registry.npmjs.org/execa cache-miss
414 http cache https://registry.npmjs.org/execa 1ms (cache hit)
415 silly packumentCache full:https://registry.npmjs.org/execa set size:181234 disposed:false
416 silly fetch manifest @vercel/gatsby-plugin-vercel-analytics@1.0.11
417 silly packumentCache full:https://registry.npmjs.org/@vercel%2fgatsby-plugin-vercel-analytics cache-miss
418 http fetch GET 200 https://registry.npmjs.org/@edge-runtime%2fnode-utils 453ms (cache miss)
419 silly packumentCache full:https://registry.npmjs.org/@edge-runtime%2fnode-utils set size:undefined disposed:false
420 silly fetch manifest @vercel/gatsby-plugin-vercel-builder@2.2.10
421 silly packumentCache full:https://registry.npmjs.org/@vercel%2fgatsby-plugin-vercel-builder cache-miss
422 http fetch GET 200 https://registry.npmjs.org/stream-to-promise 462ms (cache miss)
423 silly packumentCache full:https://registry.npmjs.org/stream-to-promise set size:undefined disposed:false
424 silly fetch manifest readdirp@^4.0.1
425 silly packumentCache full:https://registry.npmjs.org/readdirp cache-miss
426 http fetch GET 200 https://registry.npmjs.org/@edge-runtime%2fprimitives 449ms (cache miss)
427 silly packumentCache full:https://registry.npmjs.org/@edge-runtime%2fprimitives set size:undefined disposed:false
428 silly fetch manifest @esbuild/aix-ppc64@0.27.0
429 silly packumentCache full:https://registry.npmjs.org/@esbuild%2faix-ppc64 cache-miss
430 http fetch GET 200 https://registry.npmjs.org/readdirp 250ms (cache miss)
431 silly packumentCache full:https://registry.npmjs.org/readdirp set size:undefined disposed:false
432 silly fetch manifest @esbuild/linux-arm@0.27.0
433 silly packumentCache full:https://registry.npmjs.org/@esbuild%2flinux-arm cache-miss
434 http fetch GET 200 https://registry.npmjs.org/@vercel%2ferror-utils 462ms (cache miss)
435 silly packumentCache full:https://registry.npmjs.org/@vercel%2ferror-utils set size:undefined disposed:false
436 silly fetch manifest @esbuild/linux-x64@0.27.0
437 silly packumentCache full:https://registry.npmjs.org/@esbuild%2flinux-x64 cache-miss
438 http fetch GET 200 https://registry.npmjs.org/@edge-runtime%2fvm 640ms (cache miss)
439 silly packumentCache full:https://registry.npmjs.org/@edge-runtime%2fvm set size:undefined disposed:false
440 silly fetch manifest @esbuild/sunos-x64@0.27.0
441 silly packumentCache full:https://registry.npmjs.org/@esbuild%2fsunos-x64 cache-miss
442 http fetch GET 200 https://registry.npmjs.org/@vercel%2fgatsby-plugin-vercel-analytics 411ms (cache miss)
443 silly packumentCache full:https://registry.npmjs.org/@vercel%2fgatsby-plugin-vercel-analytics set size:undefined disposed:false
444 silly fetch manifest @esbuild/win32-x64@0.27.0
445 silly packumentCache full:https://registry.npmjs.org/@esbuild%2fwin32-x64 cache-miss
446 http fetch GET 200 https://registry.npmjs.org/@vercel%2ferror-utils 568ms (cache miss)
447 silly packumentCache full:https://registry.npmjs.org/@vercel%2ferror-utils set size:undefined disposed:false
448 silly fetch manifest @esbuild/darwin-x64@0.27.0
449 silly packumentCache full:https://registry.npmjs.org/@esbuild%2fdarwin-x64 cache-miss
450 http fetch GET 200 https://registry.npmjs.org/@esbuild%2faix-ppc64 415ms (cache miss)
451 silly packumentCache full:https://registry.npmjs.org/@esbuild%2faix-ppc64 set size:undefined disposed:false
452 silly fetch manifest @esbuild/linux-ia32@0.27.0
453 silly packumentCache full:https://registry.npmjs.org/@esbuild%2flinux-ia32 cache-miss
454 http fetch GET 200 https://registry.npmjs.org/@esbuild%2flinux-x64 254ms (cache miss)
455 silly packumentCache full:https://registry.npmjs.org/@esbuild%2flinux-x64 set size:undefined disposed:false
456 silly fetch manifest @esbuild/netbsd-x64@0.27.0
457 silly packumentCache full:https://registry.npmjs.org/@esbuild%2fnetbsd-x64 cache-miss
458 http fetch GET 200 https://registry.npmjs.org/@esbuild%2fsunos-x64 309ms (cache miss)
459 silly packumentCache full:https://registry.npmjs.org/@esbuild%2fsunos-x64 set size:undefined disposed:false
460 silly fetch manifest @esbuild/win32-ia32@0.27.0
461 silly packumentCache full:https://registry.npmjs.org/@esbuild%2fwin32-ia32 cache-miss
462 http fetch GET 200 https://registry.npmjs.org/@esbuild%2flinux-ia32 242ms (cache miss)
463 silly packumentCache full:https://registry.npmjs.org/@esbuild%2flinux-ia32 set size:undefined disposed:false
464 silly fetch manifest @esbuild/android-arm@0.27.0
465 silly packumentCache full:https://registry.npmjs.org/@esbuild%2fandroid-arm cache-miss
466 http fetch GET 200 https://registry.npmjs.org/@esbuild%2fwin32-x64 369ms (cache miss)
467 silly packumentCache full:https://registry.npmjs.org/@esbuild%2fwin32-x64 set size:undefined disposed:false
468 silly fetch manifest @esbuild/android-x64@0.27.0
469 silly packumentCache full:https://registry.npmjs.org/@esbuild%2fandroid-x64 cache-miss
470 http fetch GET 200 https://registry.npmjs.org/@esbuild%2fdarwin-x64 363ms (cache miss)
471 silly packumentCache full:https://registry.npmjs.org/@esbuild%2fdarwin-x64 set size:undefined disposed:false
472 silly fetch manifest @esbuild/freebsd-x64@0.27.0
473 silly packumentCache full:https://registry.npmjs.org/@esbuild%2ffreebsd-x64 cache-miss
474 http fetch GET 200 https://registry.npmjs.org/@esbuild%2fnetbsd-x64 296ms (cache miss)
475 silly packumentCache full:https://registry.npmjs.org/@esbuild%2fnetbsd-x64 set size:undefined disposed:false
476 silly fetch manifest @esbuild/linux-arm64@0.27.0
477 silly packumentCache full:https://registry.npmjs.org/@esbuild%2flinux-arm64 cache-miss
478 http fetch GET 200 https://registry.npmjs.org/@esbuild%2fandroid-arm 231ms (cache miss)
479 silly packumentCache full:https://registry.npmjs.org/@esbuild%2fandroid-arm set size:undefined disposed:false
480 silly fetch manifest @esbuild/linux-ppc64@0.27.0
481 silly packumentCache full:https://registry.npmjs.org/@esbuild%2flinux-ppc64 cache-miss
482 http fetch GET 200 https://registry.npmjs.org/@esbuild%2fwin32-ia32 330ms (cache miss)
483 silly packumentCache full:https://registry.npmjs.org/@esbuild%2fwin32-ia32 set size:undefined disposed:false
484 silly fetch manifest @esbuild/linux-s390x@0.27.0
485 silly packumentCache full:https://registry.npmjs.org/@esbuild%2flinux-s390x cache-miss
486 http fetch GET 200 https://registry.npmjs.org/@vercel%2fgatsby-plugin-vercel-builder 1040ms (cache miss)
487 silly packumentCache full:https://registry.npmjs.org/@vercel%2fgatsby-plugin-vercel-builder set size:undefined disposed:false
488 silly fetch manifest @esbuild/openbsd-x64@0.27.0
489 silly packumentCache full:https://registry.npmjs.org/@esbuild%2fopenbsd-x64 cache-miss
490 http fetch GET 200 https://registry.npmjs.org/@esbuild%2flinux-arm 787ms (cache miss)
491 silly packumentCache full:https://registry.npmjs.org/@esbuild%2flinux-arm set size:undefined disposed:false
492 silly fetch manifest @esbuild/win32-arm64@0.27.0
493 silly packumentCache full:https://registry.npmjs.org/@esbuild%2fwin32-arm64 cache-miss
494 http fetch GET 200 https://registry.npmjs.org/@esbuild%2flinux-arm64 238ms (cache miss)
495 silly packumentCache full:https://registry.npmjs.org/@esbuild%2flinux-arm64 set size:undefined disposed:false
496 silly fetch manifest @esbuild/darwin-arm64@0.27.0
497 silly packumentCache full:https://registry.npmjs.org/@esbuild%2fdarwin-arm64 cache-miss
498 http fetch GET 200 https://registry.npmjs.org/@esbuild%2fandroid-x64 527ms (cache miss)
499 silly packumentCache full:https://registry.npmjs.org/@esbuild%2fandroid-x64 set size:undefined disposed:false
500 silly fetch manifest @esbuild/netbsd-arm64@0.27.0
501 silly packumentCache full:https://registry.npmjs.org/@esbuild%2fnetbsd-arm64 cache-miss
502 http fetch GET 200 https://registry.npmjs.org/@esbuild%2fwin32-arm64 281ms (cache miss)
503 silly packumentCache full:https://registry.npmjs.org/@esbuild%2fwin32-arm64 set size:undefined disposed:false
504 silly fetch manifest @esbuild/android-arm64@0.27.0
505 silly packumentCache full:https://registry.npmjs.org/@esbuild%2fandroid-arm64 cache-miss
506 http fetch GET 200 https://registry.npmjs.org/@esbuild%2fopenbsd-x64 302ms (cache miss)
507 silly packumentCache full:https://registry.npmjs.org/@esbuild%2fopenbsd-x64 set size:undefined disposed:false
508 silly fetch manifest @esbuild/freebsd-arm64@0.27.0
509 silly packumentCache full:https://registry.npmjs.org/@esbuild%2ffreebsd-arm64 cache-miss
510 http fetch GET 200 https://registry.npmjs.org/@esbuild%2ffreebsd-x64 605ms (cache miss)
511 silly packumentCache full:https://registry.npmjs.org/@esbuild%2ffreebsd-x64 set size:undefined disposed:false
512 silly fetch manifest @esbuild/linux-loong64@0.27.0
513 silly packumentCache full:https://registry.npmjs.org/@esbuild%2flinux-loong64 cache-miss
514 http fetch GET 200 https://registry.npmjs.org/@esbuild%2flinux-s390x 443ms (cache miss)
515 silly packumentCache full:https://registry.npmjs.org/@esbuild%2flinux-s390x set size:undefined disposed:false
516 silly fetch manifest @esbuild/linux-riscv64@0.27.0
517 silly packumentCache full:https://registry.npmjs.org/@esbuild%2flinux-riscv64 cache-miss
518 http fetch GET 200 https://registry.npmjs.org/@esbuild%2flinux-ppc64 520ms (cache miss)
519 silly packumentCache full:https://registry.npmjs.org/@esbuild%2flinux-ppc64 set size:undefined disposed:false
520 silly fetch manifest @esbuild/openbsd-arm64@0.27.0
521 silly packumentCache full:https://registry.npmjs.org/@esbuild%2fopenbsd-arm64 cache-miss
522 http fetch GET 200 https://registry.npmjs.org/@esbuild%2fnetbsd-arm64 221ms (cache miss)
523 silly packumentCache full:https://registry.npmjs.org/@esbuild%2fnetbsd-arm64 set size:undefined disposed:false
524 silly fetch manifest @esbuild/linux-mips64el@0.27.0
525 silly packumentCache full:https://registry.npmjs.org/@esbuild%2flinux-mips64el cache-miss
526 http fetch GET 200 https://registry.npmjs.org/@esbuild%2fandroid-arm64 249ms (cache miss)
527 silly packumentCache full:https://registry.npmjs.org/@esbuild%2fandroid-arm64 set size:undefined disposed:false
528 silly fetch manifest @esbuild/openharmony-arm64@0.27.0
529 silly packumentCache full:https://registry.npmjs.org/@esbuild%2fopenharmony-arm64 cache-miss
530 http fetch GET 200 https://registry.npmjs.org/@esbuild%2flinux-loong64 389ms (cache miss)
531 silly packumentCache full:https://registry.npmjs.org/@esbuild%2flinux-loong64 set size:undefined disposed:false
532 silly fetch manifest asynckit@^0.4.0
533 silly packumentCache full:https://registry.npmjs.org/asynckit cache-miss
534 http fetch GET 200 https://registry.npmjs.org/@esbuild%2ffreebsd-arm64 438ms (cache miss)
535 silly packumentCache full:https://registry.npmjs.org/@esbuild%2ffreebsd-arm64 set size:undefined disposed:false
536 silly fetch manifest combined-stream@^1.0.8
537 silly packumentCache full:https://registry.npmjs.org/combined-stream cache-miss
538 http fetch GET 200 https://registry.npmjs.org/asynckit 33ms (cache miss)
539 silly packumentCache full:https://registry.npmjs.org/asynckit set size:undefined disposed:false
540 silly fetch manifest es-set-tostringtag@^2.1.0
541 silly packumentCache full:https://registry.npmjs.org/es-set-tostringtag cache-miss
542 http fetch GET 200 https://registry.npmjs.org/combined-stream 19ms (cache miss)
543 silly packumentCache full:https://registry.npmjs.org/combined-stream set size:undefined disposed:false
544 silly fetch manifest hasown@^2.0.2
545 silly packumentCache full:https://registry.npmjs.org/hasown cache-miss
546 http fetch GET 200 https://registry.npmjs.org/hasown 17ms (cache miss)
547 silly packumentCache full:https://registry.npmjs.org/hasown set size:undefined disposed:false
548 silly fetch manifest mime-types@^2.1.12
549 silly packumentCache full:https://registry.npmjs.org/mime-types cache-miss
550 http cache https://registry.npmjs.org/mime-types 1ms (cache hit)
551 silly packumentCache full:https://registry.npmjs.org/mime-types set size:139110 disposed:false
552 silly fetch manifest debug@^4.3.4
553 silly packumentCache full:https://registry.npmjs.org/debug cache-miss
554 http cache https://registry.npmjs.org/debug 1ms (cache hit)
555 silly packumentCache full:https://registry.npmjs.org/debug set size:195840 disposed:false
556 silly fetch manifest lru-cache@^7.14.1
557 silly packumentCache full:https://registry.npmjs.org/lru-cache cache-miss
558 http fetch GET 200 https://registry.npmjs.org/@esbuild%2fdarwin-arm64 754ms (cache miss)
559 silly packumentCache full:https://registry.npmjs.org/@esbuild%2fdarwin-arm64 set size:undefined disposed:false
560 silly fetch manifest agent-base@^7.0.2
561 silly packumentCache full:https://registry.npmjs.org/agent-base cache-miss
562 http fetch GET 200 https://registry.npmjs.org/@esbuild%2fopenbsd-arm64 405ms (cache miss)
563 silly packumentCache full:https://registry.npmjs.org/@esbuild%2fopenbsd-arm64 set size:undefined disposed:false
564 silly fetch manifest proxy-from-env@^1.1.0
565 silly packumentCache full:https://registry.npmjs.org/proxy-from-env cache-miss
566 http fetch GET 200 https://registry.npmjs.org/es-set-tostringtag 64ms (cache miss)
567 silly packumentCache full:https://registry.npmjs.org/es-set-tostringtag set size:undefined disposed:false
568 silly fetch manifest pac-proxy-agent@^7.0.1
569 silly packumentCache full:https://registry.npmjs.org/pac-proxy-agent cache-miss
570 http fetch GET 200 https://registry.npmjs.org/agent-base 34ms (cache miss)
571 silly packumentCache full:https://registry.npmjs.org/agent-base set size:undefined disposed:false
572 silly fetch manifest http-proxy-agent@^7.0.1
573 silly packumentCache full:https://registry.npmjs.org/http-proxy-agent cache-miss
574 http fetch GET 200 https://registry.npmjs.org/http-proxy-agent 32ms (cache miss)
575 silly packumentCache full:https://registry.npmjs.org/http-proxy-agent set size:undefined disposed:false
576 silly fetch manifest https-proxy-agent@^7.0.3
577 silly packumentCache full:https://registry.npmjs.org/https-proxy-agent cache-miss
578 http fetch GET 200 https://registry.npmjs.org/pac-proxy-agent 50ms (cache miss)
579 silly packumentCache full:https://registry.npmjs.org/pac-proxy-agent set size:undefined disposed:false
580 silly fetch manifest socks-proxy-agent@^8.0.2
581 silly packumentCache full:https://registry.npmjs.org/socks-proxy-agent cache-miss
582 http fetch GET 200 https://registry.npmjs.org/@esbuild%2flinux-riscv64 580ms (cache miss)
583 silly packumentCache full:https://registry.npmjs.org/@esbuild%2flinux-riscv64 set size:undefined disposed:false
584 silly fetch manifest zod@^4.1.1
585 silly packumentCache full:https://registry.npmjs.org/zod cache-miss
586 http fetch GET 200 https://registry.npmjs.org/@esbuild%2fopenharmony-arm64 400ms (cache miss)
587 silly packumentCache full:https://registry.npmjs.org/@esbuild%2fopenharmony-arm64 set size:undefined disposed:false
588 silly fetch manifest debug@^4.4.1
589 silly packumentCache full:https://registry.npmjs.org/debug cache-hit
590 silly fetch manifest @vercel/sandbox@1.9.0
591 silly packumentCache full:https://registry.npmjs.org/@vercel%2fsandbox cache-miss
592 http cache https://registry.npmjs.org/zod 6ms (cache hit)
593 silly packumentCache full:https://registry.npmjs.org/zod set size:3552562 disposed:false
594 http fetch GET 200 https://registry.npmjs.org/lru-cache 279ms (cache miss)
595 silly packumentCache full:https://registry.npmjs.org/lru-cache set size:undefined disposed:false
596 http fetch GET 200 https://registry.npmjs.org/socks-proxy-agent 260ms (cache miss)
597 silly packumentCache full:https://registry.npmjs.org/socks-proxy-agent set size:undefined disposed:false
598 http fetch GET 200 https://registry.npmjs.org/@esbuild%2flinux-mips64el 723ms (cache miss)
599 silly packumentCache full:https://registry.npmjs.org/@esbuild%2flinux-mips64el set size:undefined disposed:false
600 http fetch GET 200 https://registry.npmjs.org/@vercel%2fsandbox 482ms (cache miss)
601 silly packumentCache full:https://registry.npmjs.org/@vercel%2fsandbox set size:undefined disposed:false
602 http fetch GET 200 https://registry.npmjs.org/https-proxy-agent 665ms (cache miss)
603 silly packumentCache full:https://registry.npmjs.org/https-proxy-agent set size:undefined disposed:false
604 http fetch GET 200 https://registry.npmjs.org/@types%2fnode 2956ms (cache miss)
605 silly packumentCache full:https://registry.npmjs.org/@types%2fnode set size:undefined disposed:false
606 http fetch GET 200 https://registry.npmjs.org/typescript 2875ms (cache miss)
607 silly packumentCache full:https://registry.npmjs.org/typescript set size:undefined disposed:false
608 http fetch GET 200 https://registry.npmjs.org/proxy-from-env 894ms (cache miss)
609 silly packumentCache full:https://registry.npmjs.org/proxy-from-env set size:undefined disposed:false
610 silly placeDep ROOT @vercel/nft@1.10.0 OK for: @vercel/backends@0.8.3 want: 1.10.0
611 silly placeDep ROOT execa@3.2.0 OK for: @vercel/backends@0.8.3 want: 3.2.0
612 silly placeDep ROOT fs-extra@11.1.0 OK for: @vercel/backends@0.8.3 want: 11.1.0
613 silly placeDep ROOT get-port@5.1.1 OK for: @vercel/backends@0.8.3 want: 5.1.1
614 silly placeDep ROOT oxc-transform@0.111.0 OK for: @vercel/backends@0.8.3 want: 0.111.0
615 silly placeDep ROOT path-to-regexp@8.3.0 OK for: @vercel/backends@0.8.3 want: 8.3.0
616 silly placeDep ROOT resolve.exports@2.0.3 OK for: @vercel/backends@0.8.3 want: 2.0.3
617 silly placeDep ROOT rolldown@1.0.0-rc.1 OK for: @vercel/backends@0.8.3 want: 1.0.0-rc.1
618 silly placeDep ROOT srvx@0.8.9 OK for: @vercel/backends@0.8.3 want: 0.8.9
619 silly placeDep ROOT tsx@4.21.0 OK for: @vercel/backends@0.8.3 want: 4.21.0
620 silly placeDep node_modules/@vercel/backends zod@3.22.4 OK for: @vercel/backends@0.8.3 want: 3.22.4
621 silly fetch manifest glob@^13.0.0
622 silly packumentCache full:https://registry.npmjs.org/glob cache-miss
623 silly fetch manifest acorn@^8.6.0
624 silly packumentCache full:https://registry.npmjs.org/acorn cache-miss
625 silly fetch manifest bindings@^1.4.0
626 silly packumentCache full:https://registry.npmjs.org/bindings cache-miss
627 silly fetch manifest picomatch@^4.0.2
628 silly packumentCache full:https://registry.npmjs.org/picomatch cache-miss
629 silly fetch manifest async-sema@^3.1.1
630 silly packumentCache full:https://registry.npmjs.org/async-sema cache-miss
631 silly fetch manifest graceful-fs@^4.2.9
632 silly packumentCache full:https://registry.npmjs.org/graceful-fs cache-miss
633 silly fetch manifest resolve-from@^5.0.0
634 silly packumentCache full:https://registry.npmjs.org/resolve-from cache-miss
635 silly fetch manifest estree-walker@2.0.2
636 silly packumentCache full:https://registry.npmjs.org/estree-walker cache-miss
637 silly fetch manifest node-gyp-build@^4.2.2
638 silly packumentCache full:https://registry.npmjs.org/node-gyp-build cache-miss
639 http fetch GET 200 https://registry.npmjs.org/resolve-from 20ms (cache miss)
640 silly packumentCache full:https://registry.npmjs.org/resolve-from set size:undefined disposed:false
641 silly fetch manifest @rollup/pluginutils@^5.1.3
642 silly packumentCache full:https://registry.npmjs.org/@rollup%2fpluginutils cache-miss
643 http fetch GET 200 https://registry.npmjs.org/graceful-fs 68ms (cache miss)
644 silly packumentCache full:https://registry.npmjs.org/graceful-fs set size:undefined disposed:false
645 silly fetch manifest @mapbox/node-pre-gyp@^2.0.0
646 silly packumentCache full:https://registry.npmjs.org/@mapbox%2fnode-pre-gyp cache-miss
647 http fetch GET 200 https://registry.npmjs.org/estree-walker 79ms (cache miss)
648 silly packumentCache full:https://registry.npmjs.org/estree-walker set size:undefined disposed:false
649 silly fetch manifest acorn-import-attributes@^1.9.5
650 silly packumentCache full:https://registry.npmjs.org/acorn-import-attributes cache-miss
651 http fetch GET 200 https://registry.npmjs.org/acorn-import-attributes 25ms (cache miss)
652 silly packumentCache full:https://registry.npmjs.org/acorn-import-attributes set size:undefined disposed:false
653 silly fetch manifest onetime@^5.1.0
654 silly packumentCache full:https://registry.npmjs.org/onetime cache-miss
655 http fetch GET 200 https://registry.npmjs.org/glob 108ms (cache miss)
656 silly packumentCache full:https://registry.npmjs.org/glob set size:undefined disposed:false
657 silly fetch manifest is-stream@^2.0.0
658 silly packumentCache full:https://registry.npmjs.org/is-stream cache-miss
659 http fetch GET 200 https://registry.npmjs.org/@rollup%2fpluginutils 88ms (cache miss)
660 silly packumentCache full:https://registry.npmjs.org/@rollup%2fpluginutils set size:undefined disposed:false
661 silly fetch manifest p-finally@^2.0.0
662 silly packumentCache full:https://registry.npmjs.org/p-finally cache-miss
663 http fetch GET 200 https://registry.npmjs.org/onetime 20ms (cache miss)
664 silly packumentCache full:https://registry.npmjs.org/onetime set size:undefined disposed:false
665 silly fetch manifest get-stream@^5.0.0
666 silly packumentCache full:https://registry.npmjs.org/get-stream cache-miss
667 http fetch GET 200 https://registry.npmjs.org/is-stream 23ms (cache miss)
668 silly packumentCache full:https://registry.npmjs.org/is-stream set size:undefined disposed:false
669 silly fetch manifest cross-spawn@^7.0.0
670 silly packumentCache full:https://registry.npmjs.org/cross-spawn cache-miss
671 http fetch GET 200 https://registry.npmjs.org/p-finally 31ms (cache miss)
672 silly packumentCache full:https://registry.npmjs.org/p-finally set size:undefined disposed:false
673 silly fetch manifest signal-exit@^3.0.2
674 silly packumentCache full:https://registry.npmjs.org/signal-exit cache-miss
675 http fetch GET 200 https://registry.npmjs.org/get-stream 26ms (cache miss)
676 silly packumentCache full:https://registry.npmjs.org/get-stream set size:undefined disposed:false
677 silly fetch manifest merge-stream@^2.0.0
678 silly packumentCache full:https://registry.npmjs.org/merge-stream cache-miss
679 http fetch GET 200 https://registry.npmjs.org/merge-stream 21ms (cache miss)
680 silly packumentCache full:https://registry.npmjs.org/merge-stream set size:undefined disposed:false
681 silly fetch manifest npm-run-path@^4.0.0
682 silly packumentCache full:https://registry.npmjs.org/npm-run-path cache-miss
683 http fetch GET 200 https://registry.npmjs.org/signal-exit 37ms (cache miss)
684 silly packumentCache full:https://registry.npmjs.org/signal-exit set size:undefined disposed:false
685 silly fetch manifest human-signals@^1.1.1
686 silly packumentCache full:https://registry.npmjs.org/human-signals cache-miss
687 http fetch GET 200 https://registry.npmjs.org/npm-run-path 24ms (cache miss)
688 silly packumentCache full:https://registry.npmjs.org/npm-run-path set size:undefined disposed:false
689 silly fetch manifest strip-final-newline@^2.0.0
690 silly packumentCache full:https://registry.npmjs.org/strip-final-newline cache-miss
691 http fetch GET 200 https://registry.npmjs.org/human-signals 36ms (cache miss)
692 silly packumentCache full:https://registry.npmjs.org/human-signals set size:undefined disposed:false
693 silly fetch manifest jsonfile@^6.0.1
694 silly packumentCache full:https://registry.npmjs.org/jsonfile cache-miss
695 http fetch GET 200 https://registry.npmjs.org/strip-final-newline 19ms (cache miss)
696 silly packumentCache full:https://registry.npmjs.org/strip-final-newline set size:undefined disposed:false
697 silly fetch manifest graceful-fs@^4.2.0
698 silly packumentCache full:https://registry.npmjs.org/graceful-fs cache-miss
699 http cache https://registry.npmjs.org/graceful-fs 1ms (cache hit)
700 silly packumentCache full:https://registry.npmjs.org/graceful-fs set size:124285 disposed:false
701 silly fetch manifest universalify@^2.0.0
702 silly packumentCache full:https://registry.npmjs.org/universalify cache-miss
703 http fetch GET 200 https://registry.npmjs.org/async-sema 221ms (cache miss)
704 silly packumentCache full:https://registry.npmjs.org/async-sema set size:undefined disposed:false
705 silly fetch manifest @oxc-transform/binding-darwin-x64@0.111.0
706 silly packumentCache full:https://registry.npmjs.org/@oxc-transform%2fbinding-darwin-x64 cache-miss
707 http fetch GET 200 https://registry.npmjs.org/universalify 18ms (cache miss)
708 silly packumentCache full:https://registry.npmjs.org/universalify set size:undefined disposed:false
709 silly fetch manifest @oxc-transform/binding-freebsd-x64@0.111.0
710 silly packumentCache full:https://registry.npmjs.org/@oxc-transform%2fbinding-freebsd-x64 cache-miss
711 http fetch GET 200 https://registry.npmjs.org/node-gyp-build 245ms (cache miss)
712 silly packumentCache full:https://registry.npmjs.org/node-gyp-build set size:undefined disposed:false
713 silly fetch manifest @oxc-transform/binding-wasm32-wasi@0.111.0
714 silly packumentCache full:https://registry.npmjs.org/@oxc-transform%2fbinding-wasm32-wasi cache-miss
715 http fetch GET 200 https://registry.npmjs.org/jsonfile 34ms (cache miss)
716 silly packumentCache full:https://registry.npmjs.org/jsonfile set size:undefined disposed:false
717 silly fetch manifest @oxc-transform/binding-darwin-arm64@0.111.0
718 silly packumentCache full:https://registry.npmjs.org/@oxc-transform%2fbinding-darwin-arm64 cache-miss
719 http fetch GET 200 https://registry.npmjs.org/bindings 267ms (cache miss)
720 silly packumentCache full:https://registry.npmjs.org/bindings set size:undefined disposed:false
721 silly fetch manifest @oxc-transform/binding-android-arm64@0.111.0
722 silly packumentCache full:https://registry.npmjs.org/@oxc-transform%2fbinding-android-arm64 cache-miss
723 http fetch GET 200 https://registry.npmjs.org/acorn 283ms (cache miss)
724 silly packumentCache full:https://registry.npmjs.org/acorn set size:undefined disposed:false
725 silly fetch manifest @oxc-transform/binding-linux-x64-gnu@0.111.0
726 silly packumentCache full:https://registry.npmjs.org/@oxc-transform%2fbinding-linux-x64-gnu cache-miss
727 http fetch GET 200 https://registry.npmjs.org/picomatch 290ms (cache miss)
728 silly packumentCache full:https://registry.npmjs.org/picomatch set size:undefined disposed:false
729 silly fetch manifest @oxc-transform/binding-linux-x64-musl@0.111.0
730 silly packumentCache full:https://registry.npmjs.org/@oxc-transform%2fbinding-linux-x64-musl cache-miss
731 http fetch GET 200 https://registry.npmjs.org/cross-spawn 221ms (cache miss)
732 silly packumentCache full:https://registry.npmjs.org/cross-spawn set size:undefined disposed:false
733 silly fetch manifest @oxc-transform/binding-win32-x64-msvc@0.111.0
734 silly packumentCache full:https://registry.npmjs.org/@oxc-transform%2fbinding-win32-x64-msvc cache-miss
735 http fetch GET 200 https://registry.npmjs.org/@mapbox%2fnode-pre-gyp 403ms (cache miss)
736 silly packumentCache full:https://registry.npmjs.org/@mapbox%2fnode-pre-gyp set size:undefined disposed:false
737 silly fetch manifest @oxc-transform/binding-linux-arm64-gnu@0.111.0
738 silly packumentCache full:https://registry.npmjs.org/@oxc-transform%2fbinding-linux-arm64-gnu cache-miss
739 http fetch GET 200 https://registry.npmjs.org/@oxc-transform%2fbinding-wasm32-wasi 234ms (cache miss)
740 silly packumentCache full:https://registry.npmjs.org/@oxc-transform%2fbinding-wasm32-wasi set size:undefined disposed:false
741 silly fetch manifest @oxc-transform/binding-linux-ppc64-gnu@0.111.0
742 silly packumentCache full:https://registry.npmjs.org/@oxc-transform%2fbinding-linux-ppc64-gnu cache-miss
743 http fetch GET 200 https://registry.npmjs.org/@oxc-transform%2fbinding-freebsd-x64 415ms (cache miss)
744 silly packumentCache full:https://registry.npmjs.org/@oxc-transform%2fbinding-freebsd-x64 set size:undefined disposed:false
745 silly fetch manifest @oxc-transform/binding-linux-s390x-gnu@0.111.0
746 silly packumentCache full:https://registry.npmjs.org/@oxc-transform%2fbinding-linux-s390x-gnu cache-miss
747 http fetch GET 200 https://registry.npmjs.org/@oxc-transform%2fbinding-linux-x64-musl 418ms (cache miss)
748 silly packumentCache full:https://registry.npmjs.org/@oxc-transform%2fbinding-linux-x64-musl set size:undefined disposed:false
749 silly fetch manifest @oxc-transform/binding-win32-ia32-msvc@0.111.0
750 silly packumentCache full:https://registry.npmjs.org/@oxc-transform%2fbinding-win32-ia32-msvc cache-miss
751 http fetch GET 200 https://registry.npmjs.org/@oxc-transform%2fbinding-win32-x64-msvc 423ms (cache miss)
752 silly packumentCache full:https://registry.npmjs.org/@oxc-transform%2fbinding-win32-x64-msvc set size:undefined disposed:false
753 silly fetch manifest @oxc-transform/binding-android-arm-eabi@0.111.0
754 silly packumentCache full:https://registry.npmjs.org/@oxc-transform%2fbinding-android-arm-eabi cache-miss
755 http fetch GET 200 https://registry.npmjs.org/@oxc-transform%2fbinding-darwin-x64 631ms (cache miss)
756 silly packumentCache full:https://registry.npmjs.org/@oxc-transform%2fbinding-darwin-x64 set size:undefined disposed:false
757 silly fetch manifest @oxc-transform/binding-linux-arm64-musl@0.111.0
758 silly packumentCache full:https://registry.npmjs.org/@oxc-transform%2fbinding-linux-arm64-musl cache-miss
759 http fetch GET 200 https://registry.npmjs.org/@oxc-transform%2fbinding-linux-s390x-gnu 215ms (cache miss)
760 silly packumentCache full:https://registry.npmjs.org/@oxc-transform%2fbinding-linux-s390x-gnu set size:undefined disposed:false
761 silly fetch manifest @oxc-transform/binding-win32-arm64-msvc@0.111.0
762 silly packumentCache full:https://registry.npmjs.org/@oxc-transform%2fbinding-win32-arm64-msvc cache-miss
763 http fetch GET 200 https://registry.npmjs.org/@oxc-transform%2fbinding-linux-x64-gnu 625ms (cache miss)
764 silly packumentCache full:https://registry.npmjs.org/@oxc-transform%2fbinding-linux-x64-gnu set size:undefined disposed:false
765 silly fetch manifest @oxc-transform/binding-linux-riscv64-gnu@0.111.0
766 silly packumentCache full:https://registry.npmjs.org/@oxc-transform%2fbinding-linux-riscv64-gnu cache-miss
767 http fetch GET 200 https://registry.npmjs.org/@oxc-transform%2fbinding-darwin-arm64 784ms (cache miss)
768 silly packumentCache full:https://registry.npmjs.org/@oxc-transform%2fbinding-darwin-arm64 set size:undefined disposed:false
769 silly fetch manifest @oxc-transform/binding-openharmony-arm64@0.111.0
770 silly packumentCache full:https://registry.npmjs.org/@oxc-transform%2fbinding-openharmony-arm64 cache-miss
771 http fetch GET 200 https://registry.npmjs.org/@oxc-transform%2fbinding-linux-arm64-gnu 631ms (cache miss)
772 silly packumentCache full:https://registry.npmjs.org/@oxc-transform%2fbinding-linux-arm64-gnu set size:undefined disposed:false
773 silly fetch manifest @oxc-transform/binding-linux-riscv64-musl@0.111.0
774 silly packumentCache full:https://registry.npmjs.org/@oxc-transform%2fbinding-linux-riscv64-musl cache-miss
775 http fetch GET 200 https://registry.npmjs.org/@oxc-transform%2fbinding-win32-ia32-msvc 406ms (cache miss)
776 silly packumentCache full:https://registry.npmjs.org/@oxc-transform%2fbinding-win32-ia32-msvc set size:undefined disposed:false
777 silly fetch manifest @oxc-transform/binding-linux-arm-gnueabihf@0.111.0
778 silly packumentCache full:https://registry.npmjs.org/@oxc-transform%2fbinding-linux-arm-gnueabihf cache-miss
779 http fetch GET 200 https://registry.npmjs.org/@oxc-transform%2fbinding-android-arm-eabi 422ms (cache miss)
780 silly packumentCache full:https://registry.npmjs.org/@oxc-transform%2fbinding-android-arm-eabi set size:undefined disposed:false
781 silly fetch manifest @oxc-transform/binding-linux-arm-musleabihf@0.111.0
782 silly packumentCache full:https://registry.npmjs.org/@oxc-transform%2fbinding-linux-arm-musleabihf cache-miss
783 http fetch GET 200 https://registry.npmjs.org/@oxc-transform%2fbinding-android-arm64 974ms (cache miss)
784 silly packumentCache full:https://registry.npmjs.org/@oxc-transform%2fbinding-android-arm64 set size:undefined disposed:false
785 silly fetch manifest @oxc-project/types@=0.110.0
786 silly packumentCache full:https://registry.npmjs.org/@oxc-project%2ftypes cache-miss
787 http fetch GET 200 https://registry.npmjs.org/@oxc-transform%2fbinding-linux-arm64-musl 419ms (cache miss)
788 silly packumentCache full:https://registry.npmjs.org/@oxc-transform%2fbinding-linux-arm64-musl set size:undefined disposed:false
789 silly fetch manifest @rolldown/pluginutils@1.0.0-rc.1
790 silly packumentCache full:https://registry.npmjs.org/@rolldown%2fpluginutils cache-miss
791 http fetch GET 200 https://registry.npmjs.org/@oxc-transform%2fbinding-linux-riscv64-gnu 429ms (cache miss)
792 silly packumentCache full:https://registry.npmjs.org/@oxc-transform%2fbinding-linux-riscv64-gnu set size:undefined disposed:false
793 silly fetch manifest @rolldown/binding-darwin-x64@1.0.0-rc.1
794 silly packumentCache full:https://registry.npmjs.org/@rolldown%2fbinding-darwin-x64 cache-miss
795 http fetch GET 200 https://registry.npmjs.org/@oxc-transform%2fbinding-linux-ppc64-gnu 910ms (cache miss)
796 silly packumentCache full:https://registry.npmjs.org/@oxc-transform%2fbinding-linux-ppc64-gnu set size:undefined disposed:false
797 silly fetch manifest @rolldown/binding-freebsd-x64@1.0.0-rc.1
798 silly packumentCache full:https://registry.npmjs.org/@rolldown%2fbinding-freebsd-x64 cache-miss
799 http fetch GET 200 https://registry.npmjs.org/@oxc-transform%2fbinding-win32-arm64-msvc 623ms (cache miss)
800 silly packumentCache full:https://registry.npmjs.org/@oxc-transform%2fbinding-win32-arm64-msvc set size:undefined disposed:false
801 silly fetch manifest @rolldown/binding-wasm32-wasi@1.0.0-rc.1
802 silly packumentCache full:https://registry.npmjs.org/@rolldown%2fbinding-wasm32-wasi cache-miss
803 http fetch GET 200 https://registry.npmjs.org/@oxc-project%2ftypes 258ms (cache miss)
804 silly packumentCache full:https://registry.npmjs.org/@oxc-project%2ftypes set size:undefined disposed:false
805 silly fetch manifest @rolldown/binding-darwin-arm64@1.0.0-rc.1
806 silly packumentCache full:https://registry.npmjs.org/@rolldown%2fbinding-darwin-arm64 cache-miss
807 http fetch GET 200 https://registry.npmjs.org/@oxc-transform%2fbinding-linux-riscv64-musl 416ms (cache miss)
808 silly packumentCache full:https://registry.npmjs.org/@oxc-transform%2fbinding-linux-riscv64-musl set size:undefined disposed:false
809 silly fetch manifest @rolldown/binding-android-arm64@1.0.0-rc.1
810 silly packumentCache full:https://registry.npmjs.org/@rolldown%2fbinding-android-arm64 cache-miss
811 http fetch GET 200 https://registry.npmjs.org/@oxc-transform%2fbinding-openharmony-arm64 544ms (cache miss)
812 silly packumentCache full:https://registry.npmjs.org/@oxc-transform%2fbinding-openharmony-arm64 set size:undefined disposed:false
813 silly fetch manifest @rolldown/binding-linux-x64-gnu@1.0.0-rc.1
814 silly packumentCache full:https://registry.npmjs.org/@rolldown%2fbinding-linux-x64-gnu cache-miss
815 http fetch GET 200 https://registry.npmjs.org/@rolldown%2fpluginutils 432ms (cache miss)
816 silly packumentCache full:https://registry.npmjs.org/@rolldown%2fpluginutils set size:undefined disposed:false
817 silly fetch manifest @rolldown/binding-linux-x64-musl@1.0.0-rc.1
818 silly packumentCache full:https://registry.npmjs.org/@rolldown%2fbinding-linux-x64-musl cache-miss
819 http fetch GET 200 https://registry.npmjs.org/@oxc-transform%2fbinding-linux-arm-gnueabihf 621ms (cache miss)
820 silly packumentCache full:https://registry.npmjs.org/@oxc-transform%2fbinding-linux-arm-gnueabihf set size:undefined disposed:false
821 silly fetch manifest @rolldown/binding-win32-x64-msvc@1.0.0-rc.1
822 silly packumentCache full:https://registry.npmjs.org/@rolldown%2fbinding-win32-x64-msvc cache-miss
823 http fetch GET 200 https://registry.npmjs.org/@rolldown%2fbinding-android-arm64 237ms (cache miss)
824 silly packumentCache full:https://registry.npmjs.org/@rolldown%2fbinding-android-arm64 set size:undefined disposed:false
825 silly fetch manifest @rolldown/binding-linux-arm64-gnu@1.0.0-rc.1
826 silly packumentCache full:https://registry.npmjs.org/@rolldown%2fbinding-linux-arm64-gnu cache-miss
827 http fetch GET 200 https://registry.npmjs.org/@rolldown%2fbinding-linux-x64-gnu 186ms (cache miss)
828 silly packumentCache full:https://registry.npmjs.org/@rolldown%2fbinding-linux-x64-gnu set size:undefined disposed:false
829 silly fetch manifest @rolldown/binding-linux-arm64-musl@1.0.0-rc.1
830 silly packumentCache full:https://registry.npmjs.org/@rolldown%2fbinding-linux-arm64-musl cache-miss
831 http fetch GET 200 https://registry.npmjs.org/@oxc-transform%2fbinding-linux-arm-musleabihf 601ms (cache miss)
832 silly packumentCache full:https://registry.npmjs.org/@oxc-transform%2fbinding-linux-arm-musleabihf set size:undefined disposed:false
833 silly fetch manifest @rolldown/binding-win32-arm64-msvc@1.0.0-rc.1
834 silly packumentCache full:https://registry.npmjs.org/@rolldown%2fbinding-win32-arm64-msvc cache-miss
835 http fetch GET 200 https://registry.npmjs.org/@rolldown%2fbinding-win32-arm64-msvc 385ms (cache miss)
836 silly packumentCache full:https://registry.npmjs.org/@rolldown%2fbinding-win32-arm64-msvc set size:undefined disposed:false
837 silly fetch manifest @rolldown/binding-openharmony-arm64@1.0.0-rc.1
838 silly packumentCache full:https://registry.npmjs.org/@rolldown%2fbinding-openharmony-arm64 cache-miss
839 http fetch GET 200 https://registry.npmjs.org/@rolldown%2fbinding-darwin-arm64 731ms (cache miss)
840 silly packumentCache full:https://registry.npmjs.org/@rolldown%2fbinding-darwin-arm64 set size:undefined disposed:false
841 silly fetch manifest @rolldown/binding-linux-arm-gnueabihf@1.0.0-rc.1
842 silly packumentCache full:https://registry.npmjs.org/@rolldown%2fbinding-linux-arm-gnueabihf cache-miss
843 http fetch GET 200 https://registry.npmjs.org/@rolldown%2fbinding-wasm32-wasi 757ms (cache miss)
844 silly packumentCache full:https://registry.npmjs.org/@rolldown%2fbinding-wasm32-wasi set size:undefined disposed:false
845 silly fetch manifest cookie-es@^2.0.0
846 silly packumentCache full:https://registry.npmjs.org/cookie-es cache-miss
847 http fetch GET 200 https://registry.npmjs.org/@rolldown%2fbinding-linux-x64-musl 585ms (cache miss)
848 silly packumentCache full:https://registry.npmjs.org/@rolldown%2fbinding-linux-x64-musl set size:undefined disposed:false
849 silly fetch manifest get-tsconfig@^4.7.5
850 silly packumentCache full:https://registry.npmjs.org/get-tsconfig cache-miss
851 http fetch GET 200 https://registry.npmjs.org/@rolldown%2fbinding-freebsd-x64 906ms (cache miss)
852 silly packumentCache full:https://registry.npmjs.org/@rolldown%2fbinding-freebsd-x64 set size:undefined disposed:false
853 silly fetch manifest fsevents@~2.3.3
854 silly packumentCache full:https://registry.npmjs.org/fsevents cache-miss
855 http fetch GET 200 https://registry.npmjs.org/@rolldown%2fbinding-darwin-x64 993ms (cache miss)
856 silly packumentCache full:https://registry.npmjs.org/@rolldown%2fbinding-darwin-x64 set size:undefined disposed:false
857 http fetch GET 200 https://registry.npmjs.org/fsevents 67ms (cache miss)
858 silly packumentCache full:https://registry.npmjs.org/fsevents set size:undefined disposed:false
859 http fetch GET 200 https://registry.npmjs.org/@rolldown%2fbinding-linux-arm64-musl 663ms (cache miss)
860 silly packumentCache full:https://registry.npmjs.org/@rolldown%2fbinding-linux-arm64-musl set size:undefined disposed:false
861 http fetch GET 200 https://registry.npmjs.org/@rolldown%2fbinding-linux-arm64-gnu 712ms (cache miss)
862 silly packumentCache full:https://registry.npmjs.org/@rolldown%2fbinding-linux-arm64-gnu set size:undefined disposed:false
863 http fetch GET 200 https://registry.npmjs.org/cookie-es 251ms (cache miss)
864 silly packumentCache full:https://registry.npmjs.org/cookie-es set size:undefined disposed:false
865 http fetch GET 200 https://registry.npmjs.org/get-tsconfig 217ms (cache miss)
866 silly packumentCache full:https://registry.npmjs.org/get-tsconfig set size:undefined disposed:false
867 http fetch GET 200 https://registry.npmjs.org/@rolldown%2fbinding-win32-x64-msvc 852ms (cache miss)
868 silly packumentCache full:https://registry.npmjs.org/@rolldown%2fbinding-win32-x64-msvc set size:undefined disposed:false
869 http fetch GET 200 https://registry.npmjs.org/@rolldown%2fbinding-linux-arm-gnueabihf 372ms (cache miss)
870 silly packumentCache full:https://registry.npmjs.org/@rolldown%2fbinding-linux-arm-gnueabihf set size:undefined disposed:false
871 http fetch GET 200 https://registry.npmjs.org/@rolldown%2fbinding-openharmony-arm64 424ms (cache miss)
872 silly packumentCache full:https://registry.npmjs.org/@rolldown%2fbinding-openharmony-arm64 set size:undefined disposed:false
873 silly placeDep ROOT async-retry@1.3.3 OK for: @vercel/blob@2.4.0 want: ^1.3.3
874 silly placeDep ROOT is-buffer@2.0.5 OK for: @vercel/blob@2.4.0 want: ^2.0.5
875 silly placeDep ROOT is-node-process@1.2.0 OK for: @vercel/blob@2.4.0 want: ^1.2.0
876 silly placeDep ROOT throttleit@2.1.0 OK for: @vercel/blob@2.4.0 want: ^2.1.0
877 silly placeDep ROOT undici@6.26.0 OK for: @vercel/blob@2.4.0 want: ^6.23.0
878 silly fetch manifest retry@0.13.1
879 silly packumentCache full:https://registry.npmjs.org/retry cache-miss
880 http fetch GET 200 https://registry.npmjs.org/retry 214ms (cache miss)
881 silly packumentCache full:https://registry.npmjs.org/retry set size:undefined disposed:false
882 silly placeDep ROOT @vercel/python-analysis@0.11.1 OK for: @vercel/build-utils@13.26.4 want: 0.11.1
883 silly placeDep ROOT cjs-module-lexer@1.2.3 OK for: @vercel/build-utils@13.26.4 want: 1.2.3
884 silly placeDep ROOT es-module-lexer@1.5.0 OK for: @vercel/build-utils@13.26.4 want: 1.5.0
885 silly fetch manifest js-yaml@4.1.1
886 silly packumentCache full:https://registry.npmjs.org/js-yaml cache-miss
887 silly fetch manifest fs-extra@11.1.1
888 silly packumentCache full:https://registry.npmjs.org/fs-extra cache-miss
889 silly fetch manifest minimatch@10.1.1
890 silly packumentCache full:https://registry.npmjs.org/minimatch cache-miss
891 silly fetch manifest @renovatebot/pep440@4.2.1
892 silly packumentCache full:https://registry.npmjs.org/@renovatebot%2fpep440 cache-miss
893 silly fetch manifest @bytecodealliance/preview2-shim@0.17.6
894 silly packumentCache full:https://registry.npmjs.org/@bytecodealliance%2fpreview2-shim cache-miss
895 http cache https://registry.npmjs.org/fs-extra 3ms (cache hit)
896 silly packumentCache full:https://registry.npmjs.org/fs-extra set size:234923 disposed:false
897 http fetch GET 200 https://registry.npmjs.org/js-yaml 38ms (cache miss)
898 silly packumentCache full:https://registry.npmjs.org/js-yaml set size:undefined disposed:false
899 http fetch GET 200 https://registry.npmjs.org/minimatch 58ms (cache miss)
900 silly packumentCache full:https://registry.npmjs.org/minimatch set size:undefined disposed:false
901 http fetch GET 200 https://registry.npmjs.org/@bytecodealliance%2fpreview2-shim 416ms (cache miss)
902 silly packumentCache full:https://registry.npmjs.org/@bytecodealliance%2fpreview2-shim set size:undefined disposed:false
903 http fetch GET 200 https://registry.npmjs.org/@renovatebot%2fpep440 418ms (cache miss)
904 silly packumentCache full:https://registry.npmjs.org/@renovatebot%2fpep440 set size:undefined disposed:false
905 silly placeDep ROOT xdg-app-paths@5.5.1 OK for: @vercel/cli-config@0.1.2 want: 5
906 silly fetch manifest os-paths@^4.0.1
907 silly packumentCache full:https://registry.npmjs.org/os-paths cache-miss
908 silly fetch manifest xdg-portable@^7.2.0
909 silly packumentCache full:https://registry.npmjs.org/xdg-portable cache-miss
910 http fetch GET 200 https://registry.npmjs.org/xdg-portable 37ms (cache miss)
911 silly packumentCache full:https://registry.npmjs.org/xdg-portable set size:undefined disposed:false
912 http fetch GET 200 https://registry.npmjs.org/os-paths 231ms (cache miss)
913 silly packumentCache full:https://registry.npmjs.org/os-paths set size:undefined disposed:false
914 silly placeDep ROOT @vercel/static-config@3.4.0 OK for: @vercel/elysia@0.1.84 want: 3.4.0
915 silly fetch manifest ajv@8.6.3
916 silly packumentCache full:https://registry.npmjs.org/ajv cache-miss
917 silly fetch manifest json-schema-to-ts@1.6.4
918 silly packumentCache full:https://registry.npmjs.org/json-schema-to-ts cache-miss
919 http fetch GET 200 https://registry.npmjs.org/json-schema-to-ts 93ms (cache miss)
920 silly packumentCache full:https://registry.npmjs.org/json-schema-to-ts set size:undefined disposed:false
921 http fetch GET 200 https://registry.npmjs.org/ajv 115ms (cache miss)
922 silly packumentCache full:https://registry.npmjs.org/ajv set size:undefined disposed:false
923 silly placeDep ROOT @vercel/cervel@0.1.11 OK for: @vercel/express@0.1.94 want: 0.1.11
924 silly placeDep ROOT ts-morph@12.0.0 OK for: @vercel/express@0.1.94 want: 12.0.0
925 silly placeDep node_modules/@vercel/express zod@3.22.4 OK for: @vercel/express@0.1.94 want: 3.22.4
926 silly fetch manifest @ts-morph/common@~0.11.0
927 silly packumentCache full:https://registry.npmjs.org/@ts-morph%2fcommon cache-miss
928 silly fetch manifest code-block-writer@^10.1.1
929 silly packumentCache full:https://registry.npmjs.org/code-block-writer cache-miss
930 http fetch GET 200 https://registry.npmjs.org/code-block-writer 41ms (cache miss)
931 silly packumentCache full:https://registry.npmjs.org/code-block-writer set size:undefined disposed:false
932 http fetch GET 200 https://registry.npmjs.org/@ts-morph%2fcommon 245ms (cache miss)
933 silly packumentCache full:https://registry.npmjs.org/@ts-morph%2fcommon set size:undefined disposed:false
934 silly fetch manifest encoding@^0.1.0
935 silly packumentCache full:https://registry.npmjs.org/encoding cache-miss
936 http fetch GET 200 https://registry.npmjs.org/encoding 24ms (cache miss)
937 silly packumentCache full:https://registry.npmjs.org/encoding set size:undefined disposed:false
938 silly placeDep ROOT @tootallnate/once@2.0.0 OK for: @vercel/fun@1.3.0 want: 2.0.0
939 silly placeDep ROOT async-listen@1.2.0 OK for: @vercel/fun@1.3.0 want: 1.2.0
940 silly placeDep ROOT debug@4.3.4 OK for: @vercel/fun@1.3.0 want: 4.3.4
941 silly placeDep ROOT generic-pool@3.4.2 OK for: @vercel/fun@1.3.0 want: 3.4.2
942 silly placeDep ROOT micro@9.3.5-canary.3 OK for: @vercel/fun@1.3.0 want: 9.3.5-canary.3
943 silly placeDep ROOT ms@2.1.1 OK for: @vercel/fun@1.3.0 want: 2.1.1
944 silly placeDep ROOT node-fetch@2.6.7 OK for: @vercel/fun@1.3.0 want: 2.6.7
945 silly placeDep node_modules/@vercel/fun path-to-regexp@8.2.0 OK for: @vercel/fun@1.3.0 want: 8.2.0
946 silly placeDep ROOT promisepipe@3.0.0 OK for: @vercel/fun@1.3.0 want: 3.0.0
947 silly placeDep ROOT semver@7.5.4 OK for: @vercel/fun@1.3.0 want: 7.5.4
948 silly placeDep ROOT stat-mode@0.3.0 OK for: @vercel/fun@1.3.0 want: 0.3.0
949 silly placeDep ROOT stream-to-promise@2.2.0 OK for: @vercel/fun@1.3.0 want: 2.2.0
950 silly placeDep ROOT tar@7.5.7 OK for: @vercel/fun@1.3.0 want: 7.5.7
951 silly placeDep ROOT tinyexec@0.3.2 OK for: @vercel/fun@1.3.0 want: 0.3.2
952 silly placeDep ROOT tree-kill@1.2.2 OK for: @vercel/fun@1.3.0 want: 1.2.2
953 silly placeDep ROOT uid-promise@1.0.0 OK for: @vercel/fun@1.3.0 want: 1.0.0
954 silly placeDep node_modules/@vercel/fun xdg-app-paths@5.1.0 OK for: @vercel/fun@1.3.0 want: 5.1.0
955 silly placeDep ROOT yauzl-promise@2.1.3 OK for: @vercel/fun@1.3.0 want: 2.1.3
956 silly fetch manifest ms@2.1.2
957 silly packumentCache full:https://registry.npmjs.org/ms cache-miss
958 silly fetch manifest arg@4.1.0
959 silly packumentCache full:https://registry.npmjs.org/arg cache-miss
960 silly fetch manifest raw-body@2.4.1
961 silly packumentCache full:https://registry.npmjs.org/raw-body cache-miss
962 silly fetch manifest content-type@1.0.4
963 silly packumentCache full:https://registry.npmjs.org/content-type cache-miss
964 silly fetch manifest whatwg-url@^5.0.0
965 silly packumentCache full:https://registry.npmjs.org/whatwg-url cache-miss
966 silly fetch manifest lru-cache@^6.0.0
967 silly packumentCache full:https://registry.npmjs.org/lru-cache cache-miss
968 silly fetch manifest any-promise@~1.3.0
969 silly packumentCache full:https://registry.npmjs.org/any-promise cache-miss
970 silly fetch manifest end-of-stream@~1.1.0
971 silly packumentCache full:https://registry.npmjs.org/end-of-stream cache-miss
972 silly fetch manifest stream-to-array@~2.3.0
973 silly packumentCache full:https://registry.npmjs.org/stream-to-array cache-miss
974 http cache https://registry.npmjs.org/lru-cache 6ms (cache hit)
975 silly packumentCache full:https://registry.npmjs.org/lru-cache set size:456196 disposed:false
976 silly fetch manifest chownr@^3.0.0
977 silly packumentCache full:https://registry.npmjs.org/chownr cache-miss
978 http cache https://registry.npmjs.org/ms 10ms (cache hit)
979 silly packumentCache full:https://registry.npmjs.org/ms set size:92208 disposed:false
980 silly fetch manifest yallist@^5.0.0
981 silly packumentCache full:https://registry.npmjs.org/yallist cache-miss
982 http fetch GET 200 https://registry.npmjs.org/content-type 30ms (cache miss)
983 silly packumentCache full:https://registry.npmjs.org/content-type set size:undefined disposed:false
984 silly fetch manifest minipass@^7.1.2
985 silly packumentCache full:https://registry.npmjs.org/minipass cache-miss
986 http fetch GET 200 https://registry.npmjs.org/arg 30ms (cache miss)
987 silly packumentCache full:https://registry.npmjs.org/arg set size:undefined disposed:false
988 silly fetch manifest minizlib@^3.1.0
989 silly packumentCache full:https://registry.npmjs.org/minizlib cache-miss
990 http fetch GET 200 https://registry.npmjs.org/chownr 27ms (cache miss)
991 silly packumentCache full:https://registry.npmjs.org/chownr set size:undefined disposed:false
992 silly fetch manifest @isaacs/fs-minipass@^4.0.0
993 silly packumentCache full:https://registry.npmjs.org/@isaacs%2ffs-minipass cache-miss
994 http fetch GET 200 https://registry.npmjs.org/end-of-stream 37ms (cache miss)
995 silly packumentCache full:https://registry.npmjs.org/end-of-stream set size:undefined disposed:false
996 silly fetch manifest xdg-portable@^7.0.0
997 silly packumentCache full:https://registry.npmjs.org/xdg-portable cache-miss
998 http cache https://registry.npmjs.org/xdg-portable 2ms (cache hit)
999 silly packumentCache full:https://registry.npmjs.org/xdg-portable set size:329210 disposed:false
1000 silly fetch manifest yauzl@^2.9.1
1001 silly packumentCache full:https://registry.npmjs.org/yauzl cache-miss
1002 http fetch GET 200 https://registry.npmjs.org/minizlib 30ms (cache miss)
1003 silly packumentCache full:https://registry.npmjs.org/minizlib set size:undefined disposed:false
1004 silly fetch manifest yauzl-clone@^1.0.4
1005 silly packumentCache full:https://registry.npmjs.org/yauzl-clone cache-miss
1006 http fetch GET 200 https://registry.npmjs.org/yallist 54ms (cache miss)
1007 silly packumentCache full:https://registry.npmjs.org/yallist set size:undefined disposed:false
1008 http fetch GET 200 https://registry.npmjs.org/yauzl-clone 22ms (cache miss)
1009 silly packumentCache full:https://registry.npmjs.org/yauzl-clone set size:undefined disposed:false
1010 http fetch GET 200 https://registry.npmjs.org/minipass 81ms (cache miss)
1011 silly packumentCache full:https://registry.npmjs.org/minipass set size:undefined disposed:false
1012 http fetch GET 200 https://registry.npmjs.org/stream-to-array 218ms (cache miss)
1013 silly packumentCache full:https://registry.npmjs.org/stream-to-array set size:undefined disposed:false
1014 http fetch GET 200 https://registry.npmjs.org/raw-body 222ms (cache miss)
1015 silly packumentCache full:https://registry.npmjs.org/raw-body set size:undefined disposed:false
1016 http fetch GET 200 https://registry.npmjs.org/any-promise 224ms (cache miss)
1017 silly packumentCache full:https://registry.npmjs.org/any-promise set size:undefined disposed:false
1018 http fetch GET 200 https://registry.npmjs.org/whatwg-url 226ms (cache miss)
1019 silly packumentCache full:https://registry.npmjs.org/whatwg-url set size:undefined disposed:false
1020 http fetch GET 200 https://registry.npmjs.org/yauzl 241ms (cache miss)
1021 silly packumentCache full:https://registry.npmjs.org/yauzl set size:undefined disposed:false
1022 http fetch GET 200 https://registry.npmjs.org/@isaacs%2ffs-minipass 676ms (cache miss)
1023 silly packumentCache full:https://registry.npmjs.org/@isaacs%2ffs-minipass set size:undefined disposed:false
1024 silly placeDep node_modules/@vercel/hono zod@3.22.4 OK for: @vercel/hono@0.2.87 want: 3.22.4
1025 silly fetch manifest rollup@^1.20.0||^2.0.0||^3.0.0||^4.0.0
1026 silly packumentCache full:https://registry.npmjs.org/rollup cache-miss
1027 http fetch GET 200 https://registry.npmjs.org/rollup 374ms (cache miss)
1028 silly packumentCache full:https://registry.npmjs.org/rollup set size:undefined disposed:false
1029 silly placeDep ROOT @mapbox/node-pre-gyp@2.0.3 OK for: @vercel/nft@1.10.0 want: ^2.0.0
1030 silly placeDep ROOT @rollup/pluginutils@5.4.0 OK for: @vercel/nft@1.10.0 want: ^5.1.3
1031 silly placeDep ROOT acorn@8.16.0 OK for: @vercel/nft@1.10.0 want: ^8.6.0
1032 silly placeDep ROOT acorn-import-attributes@1.9.5 OK for: @vercel/nft@1.10.0 want: ^1.9.5
1033 silly placeDep ROOT async-sema@3.1.1 OK for: @vercel/nft@1.10.0 want: ^3.1.1
1034 silly placeDep ROOT bindings@1.5.0 OK for: @vercel/nft@1.10.0 want: ^1.4.0
1035 silly placeDep ROOT estree-walker@2.0.2 OK for: @vercel/nft@1.10.0 want: 2.0.2
1036 silly placeDep ROOT glob@13.0.6 OK for: @vercel/nft@1.10.0 want: ^13.0.0
1037 silly placeDep ROOT graceful-fs@4.2.11 OK for: @vercel/nft@1.10.0 want: ^4.2.9
1038 silly placeDep ROOT node-gyp-build@4.8.4 OK for: @vercel/nft@1.10.0 want: ^4.2.2
1039 silly placeDep ROOT picomatch@4.0.4 OK for: @vercel/nft@1.10.0 want: ^4.0.2
1040 silly placeDep ROOT resolve-from@5.0.0 OK for: @vercel/nft@1.10.0 want: ^5.0.0
1041 silly fetch manifest nopt@^8.0.0
1042 silly packumentCache full:https://registry.npmjs.org/nopt cache-miss
1043 silly fetch manifest consola@^3.2.3
1044 silly packumentCache full:https://registry.npmjs.org/consola cache-miss
1045 silly fetch manifest detect-libc@^2.0.0
1046 silly packumentCache full:https://registry.npmjs.org/detect-libc cache-miss
1047 silly fetch manifest https-proxy-agent@^7.0.5
1048 silly packumentCache full:https://registry.npmjs.org/https-proxy-agent cache-miss
1049 silly fetch manifest @types/estree@^1.0.0
1050 silly packumentCache full:https://registry.npmjs.org/@types%2festree cache-miss
1051 silly fetch manifest estree-walker@^2.0.2
1052 silly packumentCache full:https://registry.npmjs.org/estree-walker cache-miss
1053 silly fetch manifest file-uri-to-path@1.0.0
1054 silly packumentCache full:https://registry.npmjs.org/file-uri-to-path cache-miss
1055 silly fetch manifest minimatch@^10.2.2
1056 silly packumentCache full:https://registry.npmjs.org/minimatch cache-miss
1057 silly fetch manifest minipass@^7.1.3
1058 silly packumentCache full:https://registry.npmjs.org/minipass cache-miss
1059 http cache https://registry.npmjs.org/minipass 5ms (cache hit)
1060 silly packumentCache full:https://registry.npmjs.org/minipass set size:276925 disposed:false
1061 silly fetch manifest path-scurry@^2.0.2
1062 silly packumentCache full:https://registry.npmjs.org/path-scurry cache-miss
1063 http cache https://registry.npmjs.org/estree-walker 8ms (cache hit)
1064 silly packumentCache full:https://registry.npmjs.org/estree-walker set size:60887 disposed:false
1065 http cache https://registry.npmjs.org/minimatch 8ms (cache hit)
1066 silly packumentCache full:https://registry.npmjs.org/minimatch set size:375282 disposed:false
1067 http cache https://registry.npmjs.org/https-proxy-agent 12ms (cache hit)
1068 silly packumentCache full:https://registry.npmjs.org/https-proxy-agent set size:81258 disposed:false
1069 http fetch GET 200 https://registry.npmjs.org/detect-libc 26ms (cache miss)
1070 silly packumentCache full:https://registry.npmjs.org/detect-libc set size:undefined disposed:false
1071 http fetch GET 200 https://registry.npmjs.org/nopt 27ms (cache miss)
1072 silly packumentCache full:https://registry.npmjs.org/nopt set size:undefined disposed:false
1073 http fetch GET 200 https://registry.npmjs.org/consola 75ms (cache miss)
1074 silly packumentCache full:https://registry.npmjs.org/consola set size:undefined disposed:false
1075 http fetch GET 200 https://registry.npmjs.org/file-uri-to-path 216ms (cache miss)
1076 silly packumentCache full:https://registry.npmjs.org/file-uri-to-path set size:undefined disposed:false
1077 http fetch GET 200 https://registry.npmjs.org/path-scurry 225ms (cache miss)
1078 silly packumentCache full:https://registry.npmjs.org/path-scurry set size:undefined disposed:false
1079 http fetch GET 200 https://registry.npmjs.org/@types%2festree 260ms (cache miss)
1080 silly packumentCache full:https://registry.npmjs.org/@types%2festree set size:undefined disposed:false
1081 silly placeDep ROOT consola@3.4.2 OK for: @mapbox/node-pre-gyp@2.0.3 want: ^3.2.3
1082 silly placeDep ROOT detect-libc@2.1.2 OK for: @mapbox/node-pre-gyp@2.0.3 want: ^2.0.0
1083 silly placeDep ROOT https-proxy-agent@7.0.6 OK for: @mapbox/node-pre-gyp@2.0.3 want: ^7.0.5
1084 silly placeDep ROOT nopt@8.1.0 OK for: @mapbox/node-pre-gyp@2.0.3 want: ^8.0.0
1085 silly fetch manifest agent-base@^7.1.2
1086 silly packumentCache full:https://registry.npmjs.org/agent-base cache-miss
1087 silly fetch manifest abbrev@^3.0.0
1088 silly packumentCache full:https://registry.npmjs.org/abbrev cache-miss
1089 http cache https://registry.npmjs.org/agent-base 2ms (cache hit)
1090 silly packumentCache full:https://registry.npmjs.org/agent-base set size:72085 disposed:false
1091 http fetch GET 200 https://registry.npmjs.org/abbrev 25ms (cache miss)
1092 silly packumentCache full:https://registry.npmjs.org/abbrev set size:undefined disposed:false
1093 silly placeDep ROOT @types/estree@1.0.9 OK for: @rollup/pluginutils@5.4.0 want: ^1.0.0
1094 silly placeDep ROOT @edge-runtime/node-utils@2.3.0 OK for: @vercel/node@5.8.8 want: 2.3.0
1095 silly placeDep ROOT @edge-runtime/primitives@4.1.0 OK for: @vercel/node@5.8.8 want: 4.1.0
1096 silly placeDep ROOT @edge-runtime/vm@3.2.0 OK for: @vercel/node@5.8.8 want: 3.2.0
1097 silly placeDep ROOT @types/node@20.11.0 OK for: @vercel/node@5.8.8 want: 20.11.0
1098 silly placeDep ROOT @vercel/error-utils@2.1.0 OK for: @vercel/node@5.8.8 want: 2.1.0
1099 silly placeDep node_modules/@vercel/node async-listen@3.0.0 OK for: @vercel/node@5.8.8 want: 3.0.0
1100 silly placeDep ROOT edge-runtime@2.5.9 OK for: @vercel/node@5.8.8 want: 2.5.9
1101 silly placeDep node_modules/@vercel/node es-module-lexer@1.4.1 OK for: @vercel/node@5.8.8 want: 1.4.1
1102 silly placeDep ROOT etag@1.8.1 OK for: @vercel/node@5.8.8 want: 1.8.1
1103 silly placeDep ROOT mime-types@2.1.35 OK for: @vercel/node@5.8.8 want: 2.1.35
1104 silly placeDep node_modules/@vercel/node node-fetch@2.6.9 OK for: @vercel/node@5.8.8 want: 2.6.9
1105 silly placeDep node_modules/@vercel/node path-to-regexp@6.1.0 OK for: @vercel/node@5.8.8 want: 6.1.0
1106 silly placeDep ROOT path-to-regexp-updated@6.3.0 OK for: @vercel/node@5.8.8 want: npm:path-to-regexp@6.3.0
1107 silly placeDep ROOT typescript@5.9.3 OK for: @vercel/node@5.8.8 want: npm:typescript@5.9.3
1108 silly placeDep node_modules/@vercel/node undici@5.28.4 OK for: @vercel/node@5.8.8 want: 5.28.4
1109 silly fetch manifest undici-types@~5.26.4
1110 silly packumentCache full:https://registry.npmjs.org/undici-types cache-miss
1111 silly fetch manifest mri@1.2.0
1112 silly packumentCache full:https://registry.npmjs.org/mri cache-miss
1113 silly fetch manifest pretty-ms@7.0.1
1114 silly packumentCache full:https://registry.npmjs.org/pretty-ms cache-miss
1115 silly fetch manifest time-span@4.0.0
1116 silly packumentCache full:https://registry.npmjs.org/time-span cache-miss
1117 silly fetch manifest picocolors@1.0.0
1118 silly packumentCache full:https://registry.npmjs.org/picocolors cache-miss
1119 silly fetch manifest signal-exit@4.0.2
1120 silly packumentCache full:https://registry.npmjs.org/signal-exit cache-miss
1121 silly fetch manifest async-listen@3.0.1
1122 silly packumentCache full:https://registry.npmjs.org/async-listen cache-hit
1123 silly fetch manifest @edge-runtime/format@2.2.1
1124 silly packumentCache full:https://registry.npmjs.org/@edge-runtime%2fformat cache-miss
1125 silly fetch manifest @edge-runtime/ponyfill@2.4.2
1126 silly packumentCache full:https://registry.npmjs.org/@edge-runtime%2fponyfill cache-miss
1127 silly fetch manifest mime-db@1.52.0
1128 silly packumentCache full:https://registry.npmjs.org/mime-db cache-miss
1129 http cache https://registry.npmjs.org/signal-exit 2ms (cache hit)
1130 silly packumentCache full:https://registry.npmjs.org/signal-exit set size:53489 disposed:false
1131 silly fetch manifest @fastify/busboy@^2.0.0
1132 silly packumentCache full:https://registry.npmjs.org/@fastify%2fbusboy cache-miss
1133 http fetch GET 200 https://registry.npmjs.org/picocolors 19ms (cache miss)
1134 silly packumentCache full:https://registry.npmjs.org/picocolors set size:undefined disposed:false
1135 http fetch GET 200 https://registry.npmjs.org/time-span 22ms (cache miss)
1136 silly packumentCache full:https://registry.npmjs.org/time-span set size:undefined disposed:false
1137 http fetch GET 200 https://registry.npmjs.org/mime-db 80ms (cache miss)
1138 silly packumentCache full:https://registry.npmjs.org/mime-db set size:undefined disposed:false
1139 http fetch GET 200 https://registry.npmjs.org/undici-types 86ms (cache miss)
1140 silly packumentCache full:https://registry.npmjs.org/undici-types set size:undefined disposed:false
1141 http fetch GET 200 https://registry.npmjs.org/@edge-runtime%2fformat 223ms (cache miss)
1142 silly packumentCache full:https://registry.npmjs.org/@edge-runtime%2fformat set size:undefined disposed:false
1143 http fetch GET 200 https://registry.npmjs.org/pretty-ms 242ms (cache miss)
1144 silly packumentCache full:https://registry.npmjs.org/pretty-ms set size:undefined disposed:false
1145 http fetch GET 200 https://registry.npmjs.org/mri 249ms (cache miss)
1146 silly packumentCache full:https://registry.npmjs.org/mri set size:undefined disposed:false
1147 http fetch GET 200 https://registry.npmjs.org/@fastify%2fbusboy 250ms (cache miss)
1148 silly packumentCache full:https://registry.npmjs.org/@fastify%2fbusboy set size:undefined disposed:false
1149 http fetch GET 200 https://registry.npmjs.org/@edge-runtime%2fponyfill 403ms (cache miss)
1150 silly packumentCache full:https://registry.npmjs.org/@edge-runtime%2fponyfill set size:undefined disposed:false
1151 silly placeDep ROOT undici-types@5.26.5 OK for: @types/node@20.11.0 want: ~5.26.4
1152 silly placeDep ROOT @bytecodealliance/preview2-shim@0.17.6 OK for: @vercel/python-analysis@0.11.1 want: 0.17.6
1153 silly placeDep ROOT @renovatebot/pep440@4.2.1 OK for: @vercel/python-analysis@0.11.1 want: 4.2.1
1154 silly placeDep node_modules/@vercel/python-analysis fs-extra@11.1.1 OK for: @vercel/python-analysis@0.11.1 want: 11.1.1
1155 silly placeDep ROOT js-yaml@4.1.1 OK for: @vercel/python-analysis@0.11.1 want: 4.1.1
1156 silly placeDep ROOT minimatch@10.1.1 OK for: @vercel/python-analysis@0.11.1 want: 10.1.1
1157 silly placeDep node_modules/@vercel/python-analysis zod@3.22.4 OK for: @vercel/python-analysis@0.11.1 want: 3.22.4
1158 silly fetch manifest argparse@^2.0.1
1159 silly packumentCache full:https://registry.npmjs.org/argparse cache-miss
1160 silly fetch manifest @isaacs/brace-expansion@^5.0.0
1161 silly packumentCache full:https://registry.npmjs.org/@isaacs%2fbrace-expansion cache-miss
1162 http fetch GET 200 https://registry.npmjs.org/argparse 20ms (cache miss)
1163 silly packumentCache full:https://registry.npmjs.org/argparse set size:undefined disposed:false
1164 http fetch GET 200 https://registry.npmjs.org/@isaacs%2fbrace-expansion 221ms (cache miss)
1165 silly packumentCache full:https://registry.npmjs.org/@isaacs%2fbrace-expansion set size:undefined disposed:false
1166 silly placeDep node_modules/@vercel/redwood semver@6.3.1 OK for: @vercel/redwood@2.4.15 want: 6.3.1
1167 silly placeDep node_modules/@vercel/remix-builder path-to-regexp@6.1.0 OK for: @vercel/remix-builder@5.8.4 want: 6.1.0
1168 silly placeDep node_modules/@vercel/rust execa@5.1.1 OK for: @vercel/rust@1.3.0 want: 5
1169 silly fetch manifest onetime@^5.1.2
1170 silly packumentCache full:https://registry.npmjs.org/onetime cache-miss
1171 silly fetch manifest get-stream@^6.0.0
1172 silly packumentCache full:https://registry.npmjs.org/get-stream cache-miss
1173 silly fetch manifest cross-spawn@^7.0.3
1174 silly packumentCache full:https://registry.npmjs.org/cross-spawn cache-miss
1175 silly fetch manifest signal-exit@^3.0.3
1176 silly packumentCache full:https://registry.npmjs.org/signal-exit cache-hit
1177 silly fetch manifest npm-run-path@^4.0.1
1178 silly packumentCache full:https://registry.npmjs.org/npm-run-path cache-miss
1179 silly fetch manifest human-signals@^2.1.0
1180 silly packumentCache full:https://registry.npmjs.org/human-signals cache-miss
1181 http cache https://registry.npmjs.org/onetime 4ms (cache hit)
1182 silly packumentCache full:https://registry.npmjs.org/onetime set size:32314 disposed:false
1183 http cache https://registry.npmjs.org/cross-spawn 5ms (cache hit)
1184 silly packumentCache full:https://registry.npmjs.org/cross-spawn set size:109066 disposed:false
1185 http cache https://registry.npmjs.org/npm-run-path 5ms (cache hit)
1186 silly packumentCache full:https://registry.npmjs.org/npm-run-path set size:33596 disposed:false
1187 http cache https://registry.npmjs.org/get-stream 6ms (cache hit)
1188 silly packumentCache full:https://registry.npmjs.org/get-stream set size:57536 disposed:false
1189 http cache https://registry.npmjs.org/human-signals 6ms (cache hit)
1190 silly packumentCache full:https://registry.npmjs.org/human-signals set size:47322 disposed:false
1191 silly placeDep ROOT @vercel/gatsby-plugin-vercel-analytics@1.0.11 OK for: @vercel/static-build@2.9.33 want: 1.0.11
1192 silly placeDep ROOT @vercel/gatsby-plugin-vercel-builder@2.2.10 OK for: @vercel/static-build@2.9.33 want: 2.2.10
1193 silly fetch manifest web-vitals@0.2.4
1194 silly packumentCache full:https://registry.npmjs.org/web-vitals cache-miss
1195 silly fetch manifest @sinclair/typebox@0.25.24
1196 silly packumentCache full:https://registry.npmjs.org/@sinclair%2ftypebox cache-miss
1197 http fetch GET 200 https://registry.npmjs.org/@sinclair%2ftypebox 142ms (cache miss)
1198 silly packumentCache full:https://registry.npmjs.org/@sinclair%2ftypebox set size:undefined disposed:false
1199 http fetch GET 200 https://registry.npmjs.org/web-vitals 265ms (cache miss)
1200 silly packumentCache full:https://registry.npmjs.org/web-vitals set size:undefined disposed:false
1201 silly placeDep ROOT web-vitals@0.2.4 OK for: @vercel/gatsby-plugin-vercel-analytics@1.0.11 want: 0.2.4
1202 silly placeDep ROOT @sinclair/typebox@0.25.24 OK for: @vercel/gatsby-plugin-vercel-builder@2.2.10 want: 0.25.24
1203 silly placeDep ROOT ajv@8.6.3 OK for: @vercel/static-config@3.4.0 want: 8.6.3
1204 silly placeDep ROOT json-schema-to-ts@1.6.4 OK for: @vercel/static-config@3.4.0 want: 1.6.4
1205 silly fetch manifest uri-js@^4.2.2
1206 silly packumentCache full:https://registry.npmjs.org/uri-js cache-miss
1207 silly fetch manifest fast-deep-equal@^3.1.1
1208 silly packumentCache full:https://registry.npmjs.org/fast-deep-equal cache-miss
1209 silly fetch manifest require-from-string@^2.0.2
1210 silly packumentCache full:https://registry.npmjs.org/require-from-string cache-miss
1211 silly fetch manifest json-schema-traverse@^1.0.0
1212 silly packumentCache full:https://registry.npmjs.org/json-schema-traverse cache-miss
1213 silly fetch manifest ts-toolbelt@^6.15.5
1214 silly packumentCache full:https://registry.npmjs.org/ts-toolbelt cache-miss
1215 silly fetch manifest @types/json-schema@^7.0.6
1216 silly packumentCache full:https://registry.npmjs.org/@types%2fjson-schema cache-miss
1217 http fetch GET 200 https://registry.npmjs.org/uri-js 29ms (cache miss)
1218 silly packumentCache full:https://registry.npmjs.org/uri-js set size:undefined disposed:false
1219 http fetch GET 200 https://registry.npmjs.org/fast-deep-equal 30ms (cache miss)
1220 silly packumentCache full:https://registry.npmjs.org/fast-deep-equal set size:undefined disposed:false
1221 http fetch GET 200 https://registry.npmjs.org/@types%2fjson-schema 30ms (cache miss)
1222 silly packumentCache full:https://registry.npmjs.org/@types%2fjson-schema set size:undefined disposed:false
1223 http fetch GET 200 https://registry.npmjs.org/require-from-string 32ms (cache miss)
1224 silly packumentCache full:https://registry.npmjs.org/require-from-string set size:undefined disposed:false
1225 http fetch GET 200 https://registry.npmjs.org/json-schema-traverse 241ms (cache miss)
1226 silly packumentCache full:https://registry.npmjs.org/json-schema-traverse set size:undefined disposed:false
1227 http fetch GET 200 https://registry.npmjs.org/ts-toolbelt 1079ms (cache miss)
1228 silly packumentCache full:https://registry.npmjs.org/ts-toolbelt set size:undefined disposed:false
1229 silly placeDep ROOT fast-deep-equal@3.1.3 OK for: ajv@8.6.3 want: ^3.1.1
1230 silly placeDep ROOT json-schema-traverse@1.0.0 OK for: ajv@8.6.3 want: ^1.0.0
1231 silly placeDep ROOT require-from-string@2.0.2 OK for: ajv@8.6.3 want: ^2.0.2
1232 silly placeDep ROOT uri-js@4.4.1 OK for: ajv@8.6.3 want: ^4.2.2
1233 silly fetch manifest punycode@^2.1.0
1234 silly packumentCache full:https://registry.npmjs.org/punycode cache-miss
1235 http fetch GET 200 https://registry.npmjs.org/punycode 24ms (cache miss)
1236 silly packumentCache full:https://registry.npmjs.org/punycode set size:undefined disposed:false
1237 silly placeDep ROOT retry@0.13.1 OK for: async-retry@1.3.3 want: 0.13.1
1238 silly placeDep ROOT file-uri-to-path@1.0.0 OK for: bindings@1.5.0 want: 1.0.0
1239 silly placeDep ROOT readdirp@4.1.2 OK for: chokidar@4.0.0 want: ^4.0.1
1240 silly placeDep node_modules/debug ms@2.1.2 OK for: debug@4.3.4 want: 2.1.2
1241 silly placeDep ROOT @edge-runtime/format@2.2.1 OK for: edge-runtime@2.5.9 want: 2.2.1
1242 silly placeDep ROOT @edge-runtime/ponyfill@2.4.2 OK for: edge-runtime@2.5.9 want: 2.4.2
1243 silly placeDep node_modules/edge-runtime async-listen@3.0.1 OK for: edge-runtime@2.5.9 want: 3.0.1
1244 silly placeDep ROOT mri@1.2.0 OK for: edge-runtime@2.5.9 want: 1.2.0
1245 silly placeDep ROOT picocolors@1.0.0 OK for: edge-runtime@2.5.9 want: 1.0.0
1246 silly placeDep ROOT pretty-ms@7.0.1 OK for: edge-runtime@2.5.9 want: 7.0.1
1247 silly placeDep ROOT signal-exit@4.0.2 OK for: edge-runtime@2.5.9 want: 4.0.2
1248 silly placeDep ROOT time-span@4.0.0 OK for: edge-runtime@2.5.9 want: 4.0.0
1249 silly fetch manifest parse-ms@^2.1.0
1250 silly packumentCache full:https://registry.npmjs.org/parse-ms cache-miss
1251 silly fetch manifest convert-hrtime@^3.0.0
1252 silly packumentCache full:https://registry.npmjs.org/convert-hrtime cache-miss
1253 http fetch GET 200 https://registry.npmjs.org/parse-ms 19ms (cache miss)
1254 silly packumentCache full:https://registry.npmjs.org/parse-ms set size:undefined disposed:false
1255 http fetch GET 200 https://registry.npmjs.org/convert-hrtime 21ms (cache miss)
1256 silly packumentCache full:https://registry.npmjs.org/convert-hrtime set size:undefined disposed:false
1257 silly placeDep ROOT @esbuild/aix-ppc64@0.27.0 OK for: esbuild@0.27.0 want: 0.27.0
1258 silly placeDep ROOT @esbuild/android-arm@0.27.0 OK for: esbuild@0.27.0 want: 0.27.0
1259 silly placeDep ROOT @esbuild/android-arm64@0.27.0 OK for: esbuild@0.27.0 want: 0.27.0
1260 silly placeDep ROOT @esbuild/android-x64@0.27.0 OK for: esbuild@0.27.0 want: 0.27.0
1261 silly placeDep ROOT @esbuild/darwin-arm64@0.27.0 OK for: esbuild@0.27.0 want: 0.27.0
1262 silly placeDep ROOT @esbuild/darwin-x64@0.27.0 OK for: esbuild@0.27.0 want: 0.27.0
1263 silly placeDep ROOT @esbuild/freebsd-arm64@0.27.0 OK for: esbuild@0.27.0 want: 0.27.0
1264 silly placeDep ROOT @esbuild/freebsd-x64@0.27.0 OK for: esbuild@0.27.0 want: 0.27.0
1265 silly placeDep ROOT @esbuild/linux-arm@0.27.0 OK for: esbuild@0.27.0 want: 0.27.0
1266 silly placeDep ROOT @esbuild/linux-arm64@0.27.0 OK for: esbuild@0.27.0 want: 0.27.0
1267 silly placeDep ROOT @esbuild/linux-ia32@0.27.0 OK for: esbuild@0.27.0 want: 0.27.0
1268 silly placeDep ROOT @esbuild/linux-loong64@0.27.0 OK for: esbuild@0.27.0 want: 0.27.0
1269 silly placeDep ROOT @esbuild/linux-mips64el@0.27.0 OK for: esbuild@0.27.0 want: 0.27.0
1270 silly placeDep ROOT @esbuild/linux-ppc64@0.27.0 OK for: esbuild@0.27.0 want: 0.27.0
1271 silly placeDep ROOT @esbuild/linux-riscv64@0.27.0 OK for: esbuild@0.27.0 want: 0.27.0
1272 silly placeDep ROOT @esbuild/linux-s390x@0.27.0 OK for: esbuild@0.27.0 want: 0.27.0
1273 silly placeDep ROOT @esbuild/linux-x64@0.27.0 OK for: esbuild@0.27.0 want: 0.27.0
1274 silly placeDep ROOT @esbuild/netbsd-arm64@0.27.0 OK for: esbuild@0.27.0 want: 0.27.0
1275 silly placeDep ROOT @esbuild/netbsd-x64@0.27.0 OK for: esbuild@0.27.0 want: 0.27.0
1276 silly placeDep ROOT @esbuild/openbsd-arm64@0.27.0 OK for: esbuild@0.27.0 want: 0.27.0
1277 silly placeDep ROOT @esbuild/openbsd-x64@0.27.0 OK for: esbuild@0.27.0 want: 0.27.0
1278 silly placeDep ROOT @esbuild/openharmony-arm64@0.27.0 OK for: esbuild@0.27.0 want: 0.27.0
1279 silly placeDep ROOT @esbuild/sunos-x64@0.27.0 OK for: esbuild@0.27.0 want: 0.27.0
1280 silly placeDep ROOT @esbuild/win32-arm64@0.27.0 OK for: esbuild@0.27.0 want: 0.27.0
1281 silly placeDep ROOT @esbuild/win32-ia32@0.27.0 OK for: esbuild@0.27.0 want: 0.27.0
1282 silly placeDep ROOT @esbuild/win32-x64@0.27.0 OK for: esbuild@0.27.0 want: 0.27.0
1283 silly placeDep ROOT cross-spawn@7.0.6 OK for: execa@3.2.0 want: ^7.0.0
1284 silly placeDep ROOT get-stream@5.2.0 OK for: execa@3.2.0 want: ^5.0.0
1285 silly placeDep ROOT human-signals@1.1.1 OK for: execa@3.2.0 want: ^1.1.1
1286 silly placeDep ROOT is-stream@2.0.1 OK for: execa@3.2.0 want: ^2.0.0
1287 silly placeDep ROOT merge-stream@2.0.0 OK for: execa@3.2.0 want: ^2.0.0
1288 silly placeDep ROOT npm-run-path@4.0.1 OK for: execa@3.2.0 want: ^4.0.0
1289 silly placeDep ROOT onetime@5.1.2 OK for: execa@3.2.0 want: ^5.1.0
1290 silly placeDep ROOT p-finally@2.0.1 OK for: execa@3.2.0 want: ^2.0.0
1291 silly placeDep node_modules/execa signal-exit@3.0.7 OK for: execa@3.2.0 want: ^3.0.2
1292 silly placeDep ROOT strip-final-newline@2.0.0 OK for: execa@3.2.0 want: ^2.0.0
1293 silly fetch manifest which@^2.0.1
1294 silly packumentCache full:https://registry.npmjs.org/which cache-miss
1295 silly fetch manifest path-key@^3.1.0
1296 silly packumentCache full:https://registry.npmjs.org/path-key cache-miss
1297 silly fetch manifest shebang-command@^2.0.0
1298 silly packumentCache full:https://registry.npmjs.org/shebang-command cache-miss
1299 silly fetch manifest pump@^3.0.0
1300 silly packumentCache full:https://registry.npmjs.org/pump cache-miss
1301 silly fetch manifest path-key@^3.0.0
1302 silly packumentCache full:https://registry.npmjs.org/path-key cache-miss
1303 silly fetch manifest mimic-fn@^2.1.0
1304 silly packumentCache full:https://registry.npmjs.org/mimic-fn cache-miss
1305 http fetch GET 200 https://registry.npmjs.org/mimic-fn 18ms (cache miss)
1306 silly packumentCache full:https://registry.npmjs.org/mimic-fn set size:undefined disposed:false
1307 http fetch GET 200 https://registry.npmjs.org/path-key 20ms (cache miss)
1308 silly packumentCache full:https://registry.npmjs.org/path-key set size:undefined disposed:false
1309 http fetch GET 200 https://registry.npmjs.org/shebang-command 20ms (cache miss)
1310 silly packumentCache full:https://registry.npmjs.org/shebang-command set size:undefined disposed:false
1311 http fetch GET 200 https://registry.npmjs.org/which 27ms (cache miss)
1312 silly packumentCache full:https://registry.npmjs.org/which set size:undefined disposed:false
1313 http fetch GET 200 https://registry.npmjs.org/path-key 29ms (cache miss)
1314 silly packumentCache full:https://registry.npmjs.org/path-key set size:undefined disposed:false
1315 http fetch GET 200 https://registry.npmjs.org/pump 291ms (cache miss)
1316 silly packumentCache full:https://registry.npmjs.org/pump set size:undefined disposed:false
1317 silly placeDep ROOT path-key@3.1.1 OK for: cross-spawn@7.0.6 want: ^3.1.0
1318 silly placeDep ROOT shebang-command@2.0.0 OK for: cross-spawn@7.0.6 want: ^2.0.0
1319 silly placeDep ROOT which@2.0.2 OK for: cross-spawn@7.0.6 want: ^2.0.1
1320 silly fetch manifest shebang-regex@^3.0.0
1321 silly packumentCache full:https://registry.npmjs.org/shebang-regex cache-miss
1322 silly fetch manifest isexe@^2.0.0
1323 silly packumentCache full:https://registry.npmjs.org/isexe cache-miss
1324 http fetch GET 200 https://registry.npmjs.org/shebang-regex 21ms (cache miss)
1325 silly packumentCache full:https://registry.npmjs.org/shebang-regex set size:undefined disposed:false
1326 http fetch GET 200 https://registry.npmjs.org/isexe 22ms (cache miss)
1327 silly packumentCache full:https://registry.npmjs.org/isexe set size:undefined disposed:false
1328 silly placeDep ROOT asynckit@0.4.0 OK for: form-data@4.0.5 want: ^0.4.0
1329 silly placeDep ROOT combined-stream@1.0.8 OK for: form-data@4.0.5 want: ^1.0.8
1330 silly placeDep ROOT es-set-tostringtag@2.1.0 OK for: form-data@4.0.5 want: ^2.1.0
1331 silly placeDep ROOT hasown@2.0.4 OK for: form-data@4.0.5 want: ^2.0.2
1332 silly fetch manifest delayed-stream@~1.0.0
1333 silly packumentCache full:https://registry.npmjs.org/delayed-stream cache-miss
1334 silly fetch manifest es-errors@^1.3.0
1335 silly packumentCache full:https://registry.npmjs.org/es-errors cache-miss
1336 silly fetch manifest get-intrinsic@^1.2.6
1337 silly packumentCache full:https://registry.npmjs.org/get-intrinsic cache-miss
1338 silly fetch manifest has-tostringtag@^1.0.2
1339 silly packumentCache full:https://registry.npmjs.org/has-tostringtag cache-miss
1340 silly fetch manifest function-bind@^1.1.2
1341 silly packumentCache full:https://registry.npmjs.org/function-bind cache-miss
1342 http fetch GET 200 https://registry.npmjs.org/delayed-stream 20ms (cache miss)
1343 silly packumentCache full:https://registry.npmjs.org/delayed-stream set size:undefined disposed:false
1344 http fetch GET 200 https://registry.npmjs.org/has-tostringtag 21ms (cache miss)
1345 silly packumentCache full:https://registry.npmjs.org/has-tostringtag set size:undefined disposed:false
1346 http fetch GET 200 https://registry.npmjs.org/function-bind 21ms (cache miss)
1347 silly packumentCache full:https://registry.npmjs.org/function-bind set size:undefined disposed:false
1348 http fetch GET 200 https://registry.npmjs.org/es-errors 21ms (cache miss)
1349 silly packumentCache full:https://registry.npmjs.org/es-errors set size:undefined disposed:false
1350 http fetch GET 200 https://registry.npmjs.org/get-intrinsic 26ms (cache miss)
1351 silly packumentCache full:https://registry.npmjs.org/get-intrinsic set size:undefined disposed:false
1352 silly placeDep ROOT delayed-stream@1.0.0 OK for: combined-stream@1.0.8 want: ~1.0.0
1353 silly placeDep ROOT es-errors@1.3.0 OK for: es-set-tostringtag@2.1.0 want: ^1.3.0
1354 silly placeDep ROOT get-intrinsic@1.3.0 OK for: es-set-tostringtag@2.1.0 want: ^1.2.6
1355 silly placeDep ROOT has-tostringtag@1.0.2 OK for: es-set-tostringtag@2.1.0 want: ^1.0.2
1356 silly fetch manifest gopd@^1.2.0
1357 silly packumentCache full:https://registry.npmjs.org/gopd cache-miss
1358 silly fetch manifest get-proto@^1.0.1
1359 silly packumentCache full:https://registry.npmjs.org/get-proto cache-miss
1360 silly fetch manifest has-symbols@^1.1.0
1361 silly packumentCache full:https://registry.npmjs.org/has-symbols cache-miss
1362 silly fetch manifest es-object-atoms@^1.1.1
1363 silly packumentCache full:https://registry.npmjs.org/es-object-atoms cache-miss
1364 silly fetch manifest math-intrinsics@^1.1.0
1365 silly packumentCache full:https://registry.npmjs.org/math-intrinsics cache-miss
1366 silly fetch manifest es-define-property@^1.0.1
1367 silly packumentCache full:https://registry.npmjs.org/es-define-property cache-miss
1368 silly fetch manifest call-bind-apply-helpers@^1.0.2
1369 silly packumentCache full:https://registry.npmjs.org/call-bind-apply-helpers cache-miss
1370 silly fetch manifest has-symbols@^1.0.3
1371 silly packumentCache full:https://registry.npmjs.org/has-symbols cache-miss
1372 http fetch GET 200 https://registry.npmjs.org/es-define-property 18ms (cache miss)
1373 silly packumentCache full:https://registry.npmjs.org/es-define-property set size:undefined disposed:false
1374 http fetch GET 200 https://registry.npmjs.org/call-bind-apply-helpers 19ms (cache miss)
1375 silly packumentCache full:https://registry.npmjs.org/call-bind-apply-helpers set size:undefined disposed:false
1376 http fetch GET 200 https://registry.npmjs.org/has-symbols 21ms (cache miss)
1377 silly packumentCache full:https://registry.npmjs.org/has-symbols set size:undefined disposed:false
1378 http fetch GET 200 https://registry.npmjs.org/has-symbols 22ms (cache miss)
1379 silly packumentCache full:https://registry.npmjs.org/has-symbols set size:undefined disposed:false
1380 http fetch GET 200 https://registry.npmjs.org/es-object-atoms 22ms (cache miss)
1381 silly packumentCache full:https://registry.npmjs.org/es-object-atoms set size:undefined disposed:false
1382 http fetch GET 200 https://registry.npmjs.org/math-intrinsics 23ms (cache miss)
1383 silly packumentCache full:https://registry.npmjs.org/math-intrinsics set size:undefined disposed:false
1384 http fetch GET 200 https://registry.npmjs.org/get-proto 26ms (cache miss)
1385 silly packumentCache full:https://registry.npmjs.org/get-proto set size:undefined disposed:false
1386 http fetch GET 200 https://registry.npmjs.org/gopd 32ms (cache miss)
1387 silly packumentCache full:https://registry.npmjs.org/gopd set size:undefined disposed:false
1388 silly placeDep ROOT jsonfile@6.2.1 OK for: fs-extra@11.1.0 want: ^6.0.1
1389 silly placeDep ROOT universalify@2.0.1 OK for: fs-extra@11.1.0 want: ^2.0.0
1390 silly placeDep ROOT call-bind-apply-helpers@1.0.2 OK for: get-intrinsic@1.3.0 want: ^1.0.2
1391 silly placeDep ROOT es-define-property@1.0.1 OK for: get-intrinsic@1.3.0 want: ^1.0.1
1392 silly placeDep ROOT es-object-atoms@1.1.2 OK for: get-intrinsic@1.3.0 want: ^1.1.1
1393 silly placeDep ROOT function-bind@1.1.2 OK for: get-intrinsic@1.3.0 want: ^1.1.2
1394 silly placeDep ROOT get-proto@1.0.1 OK for: get-intrinsic@1.3.0 want: ^1.0.1
1395 silly placeDep ROOT gopd@1.2.0 OK for: get-intrinsic@1.3.0 want: ^1.2.0
1396 silly placeDep ROOT has-symbols@1.1.0 OK for: get-intrinsic@1.3.0 want: ^1.1.0
1397 silly placeDep ROOT math-intrinsics@1.1.0 OK for: get-intrinsic@1.3.0 want: ^1.1.0
1398 silly fetch manifest dunder-proto@^1.0.1
1399 silly packumentCache full:https://registry.npmjs.org/dunder-proto cache-miss
1400 http fetch GET 200 https://registry.npmjs.org/dunder-proto 20ms (cache miss)
1401 silly packumentCache full:https://registry.npmjs.org/dunder-proto set size:undefined disposed:false
1402 silly placeDep ROOT dunder-proto@1.0.1 OK for: get-proto@1.0.1 want: ^1.0.1
1403 silly placeDep ROOT pump@3.0.4 OK for: get-stream@5.2.0 want: ^3.0.0
1404 silly fetch manifest end-of-stream@^1.1.0
1405 silly packumentCache full:https://registry.npmjs.org/end-of-stream cache-miss
1406 silly fetch manifest once@^1.3.1
1407 silly packumentCache full:https://registry.npmjs.org/once cache-miss
1408 http cache https://registry.npmjs.org/end-of-stream 2ms (cache hit)
1409 silly packumentCache full:https://registry.npmjs.org/end-of-stream set size:27842 disposed:false
1410 http fetch GET 200 https://registry.npmjs.org/once 19ms (cache miss)
1411 silly packumentCache full:https://registry.npmjs.org/once set size:undefined disposed:false
1412 silly placeDep node_modules/glob minimatch@10.2.5 OK for: glob@13.0.6 want: ^10.2.2
1413 silly placeDep ROOT minipass@7.1.3 OK for: glob@13.0.6 want: ^7.1.3
1414 silly placeDep ROOT path-scurry@2.0.2 OK for: glob@13.0.6 want: ^2.0.2
1415 silly fetch manifest brace-expansion@^5.0.5
1416 silly packumentCache full:https://registry.npmjs.org/brace-expansion cache-miss
1417 silly fetch manifest lru-cache@^11.0.0
1418 silly packumentCache full:https://registry.npmjs.org/lru-cache cache-hit
1419 http fetch GET 200 https://registry.npmjs.org/brace-expansion 27ms (cache miss)
1420 silly packumentCache full:https://registry.npmjs.org/brace-expansion set size:undefined disposed:false
1421 silly placeDep ROOT agent-base@7.1.4 OK for: https-proxy-agent@7.0.6 want: ^7.1.2
1422 silly placeDep ROOT argparse@2.0.1 OK for: js-yaml@4.1.1 want: ^2.0.1
1423 silly placeDep ROOT @types/json-schema@7.0.15 OK for: json-schema-to-ts@1.6.4 want: ^7.0.6
1424 silly placeDep ROOT ts-toolbelt@6.15.5 OK for: json-schema-to-ts@1.6.4 want: ^6.15.5
1425 silly placeDep ROOT arg@4.1.0 OK for: micro@9.3.5-canary.3 want: 4.1.0
1426 silly placeDep ROOT content-type@1.0.4 OK for: micro@9.3.5-canary.3 want: 1.0.4
1427 silly placeDep ROOT raw-body@2.4.1 OK for: micro@9.3.5-canary.3 want: 2.4.1
1428 silly fetch manifest bytes@3.1.0
1429 silly packumentCache full:https://registry.npmjs.org/bytes cache-miss
1430 silly fetch manifest unpipe@1.0.0
1431 silly packumentCache full:https://registry.npmjs.org/unpipe cache-miss
1432 silly fetch manifest iconv-lite@0.4.24
1433 silly packumentCache full:https://registry.npmjs.org/iconv-lite cache-miss
1434 silly fetch manifest http-errors@1.7.3
1435 silly packumentCache full:https://registry.npmjs.org/http-errors cache-miss
1436 http fetch GET 200 https://registry.npmjs.org/http-errors 24ms (cache miss)
1437 silly packumentCache full:https://registry.npmjs.org/http-errors set size:undefined disposed:false
1438 http fetch GET 200 https://registry.npmjs.org/iconv-lite 25ms (cache miss)
1439 silly packumentCache full:https://registry.npmjs.org/iconv-lite set size:undefined disposed:false
1440 http fetch GET 200 https://registry.npmjs.org/unpipe 216ms (cache miss)
1441 silly packumentCache full:https://registry.npmjs.org/unpipe set size:undefined disposed:false
1442 http fetch GET 200 https://registry.npmjs.org/bytes 216ms (cache miss)
1443 silly packumentCache full:https://registry.npmjs.org/bytes set size:undefined disposed:false
1444 silly placeDep ROOT mime-db@1.52.0 OK for: mime-types@2.1.35 want: 1.52.0
1445 silly placeDep ROOT @isaacs/brace-expansion@5.0.1 OK for: minimatch@10.1.1 want: ^5.0.0
1446 silly fetch manifest @isaacs/balanced-match@^4.0.1
1447 silly packumentCache full:https://registry.npmjs.org/@isaacs%2fbalanced-match cache-miss
1448 http fetch GET 200 https://registry.npmjs.org/@isaacs%2fbalanced-match 761ms (cache miss)
1449 silly packumentCache full:https://registry.npmjs.org/@isaacs%2fbalanced-match set size:undefined disposed:false
1450 silly placeDep ROOT @isaacs/balanced-match@4.0.1 OK for: @isaacs/brace-expansion@5.0.1 want: ^4.0.1
1451 silly placeDep ROOT whatwg-url@5.0.0 OK for: node-fetch@2.6.7 want: ^5.0.0
1452 silly fetch manifest tr46@~0.0.3
1453 silly packumentCache full:https://registry.npmjs.org/tr46 cache-miss
1454 silly fetch manifest webidl-conversions@^3.0.0
1455 silly packumentCache full:https://registry.npmjs.org/webidl-conversions cache-miss
1456 http fetch GET 200 https://registry.npmjs.org/tr46 33ms (cache miss)
1457 silly packumentCache full:https://registry.npmjs.org/tr46 set size:undefined disposed:false
1458 http fetch GET 200 https://registry.npmjs.org/webidl-conversions 219ms (cache miss)
1459 silly packumentCache full:https://registry.npmjs.org/webidl-conversions set size:undefined disposed:false
1460 silly placeDep ROOT abbrev@3.0.1 OK for: nopt@8.1.0 want: ^3.0.0
1461 silly placeDep ROOT mimic-fn@2.1.0 OK for: onetime@5.1.2 want: ^2.1.0
1462 silly placeDep ROOT @oxc-transform/binding-android-arm-eabi@0.111.0 OK for: oxc-transform@0.111.0 want: 0.111.0
1463 silly placeDep ROOT @oxc-transform/binding-android-arm64@0.111.0 OK for: oxc-transform@0.111.0 want: 0.111.0
1464 silly placeDep ROOT @oxc-transform/binding-darwin-arm64@0.111.0 OK for: oxc-transform@0.111.0 want: 0.111.0
1465 silly placeDep ROOT @oxc-transform/binding-darwin-x64@0.111.0 OK for: oxc-transform@0.111.0 want: 0.111.0
1466 silly placeDep ROOT @oxc-transform/binding-freebsd-x64@0.111.0 OK for: oxc-transform@0.111.0 want: 0.111.0
1467 silly placeDep ROOT @oxc-transform/binding-linux-arm-gnueabihf@0.111.0 OK for: oxc-transform@0.111.0 want: 0.111.0
1468 silly placeDep ROOT @oxc-transform/binding-linux-arm-musleabihf@0.111.0 OK for: oxc-transform@0.111.0 want: 0.111.0
1469 silly placeDep ROOT @oxc-transform/binding-linux-arm64-gnu@0.111.0 OK for: oxc-transform@0.111.0 want: 0.111.0
1470 silly placeDep ROOT @oxc-transform/binding-linux-arm64-musl@0.111.0 OK for: oxc-transform@0.111.0 want: 0.111.0
1471 silly placeDep ROOT @oxc-transform/binding-linux-ppc64-gnu@0.111.0 OK for: oxc-transform@0.111.0 want: 0.111.0
1472 silly placeDep ROOT @oxc-transform/binding-linux-riscv64-gnu@0.111.0 OK for: oxc-transform@0.111.0 want: 0.111.0
1473 silly placeDep ROOT @oxc-transform/binding-linux-riscv64-musl@0.111.0 OK for: oxc-transform@0.111.0 want: 0.111.0
1474 silly placeDep ROOT @oxc-transform/binding-linux-s390x-gnu@0.111.0 OK for: oxc-transform@0.111.0 want: 0.111.0
1475 silly placeDep ROOT @oxc-transform/binding-linux-x64-gnu@0.111.0 OK for: oxc-transform@0.111.0 want: 0.111.0
1476 silly placeDep ROOT @oxc-transform/binding-linux-x64-musl@0.111.0 OK for: oxc-transform@0.111.0 want: 0.111.0
1477 silly placeDep ROOT @oxc-transform/binding-openharmony-arm64@0.111.0 OK for: oxc-transform@0.111.0 want: 0.111.0
1478 silly placeDep ROOT @oxc-transform/binding-wasm32-wasi@0.111.0 OK for: oxc-transform@0.111.0 want: 0.111.0
1479 silly placeDep ROOT @oxc-transform/binding-win32-arm64-msvc@0.111.0 OK for: oxc-transform@0.111.0 want: 0.111.0
1480 silly placeDep ROOT @oxc-transform/binding-win32-ia32-msvc@0.111.0 OK for: oxc-transform@0.111.0 want: 0.111.0
1481 silly placeDep ROOT @oxc-transform/binding-win32-x64-msvc@0.111.0 OK for: oxc-transform@0.111.0 want: 0.111.0
1482 silly fetch manifest @napi-rs/wasm-runtime@^1.1.1
1483 silly packumentCache full:https://registry.npmjs.org/@napi-rs%2fwasm-runtime cache-miss
1484 http fetch GET 200 https://registry.npmjs.org/@napi-rs%2fwasm-runtime 221ms (cache miss)
1485 silly packumentCache full:https://registry.npmjs.org/@napi-rs%2fwasm-runtime set size:undefined disposed:false
1486 silly fetch manifest @emnapi/core@^1.7.1
1487 silly packumentCache full:https://registry.npmjs.org/@emnapi%2fcore cache-miss
1488 http fetch GET 200 https://registry.npmjs.org/@emnapi%2fcore 637ms (cache miss)
1489 silly packumentCache full:https://registry.npmjs.org/@emnapi%2fcore set size:undefined disposed:false
1490 silly fetch manifest @emnapi/runtime@^1.7.1
1491 silly packumentCache full:https://registry.npmjs.org/@emnapi%2fruntime cache-miss
1492 http fetch GET 200 https://registry.npmjs.org/@emnapi%2fruntime 224ms (cache miss)
1493 silly packumentCache full:https://registry.npmjs.org/@emnapi%2fruntime set size:undefined disposed:false
1494 silly placeDep ROOT @napi-rs/wasm-runtime@1.1.4 OK for: @oxc-transform/binding-wasm32-wasi@0.111.0 want: ^1.1.1
1495 silly placeDep ROOT @emnapi/core@1.10.0 OK for: @napi-rs/wasm-runtime@1.1.4 want: ^1.7.1
1496 silly placeDep ROOT @emnapi/runtime@1.10.0 OK for: @napi-rs/wasm-runtime@1.1.4 want: ^1.7.1
1497 silly fetch manifest @tybys/wasm-util@^0.10.1
1498 silly packumentCache full:https://registry.npmjs.org/@tybys%2fwasm-util cache-miss
1499 silly fetch manifest tslib@^2.4.0
1500 silly packumentCache full:https://registry.npmjs.org/tslib cache-miss
1501 silly fetch manifest tslib@^2.4.0
1502 silly packumentCache full:https://registry.npmjs.org/tslib cache-miss
1503 silly fetch manifest @emnapi/wasi-threads@1.2.1
1504 silly packumentCache full:https://registry.npmjs.org/@emnapi%2fwasi-threads cache-miss
1505 http fetch GET 200 https://registry.npmjs.org/tslib 29ms (cache miss)
1506 silly packumentCache full:https://registry.npmjs.org/tslib set size:undefined disposed:false
1507 http fetch GET 200 https://registry.npmjs.org/tslib 31ms (cache miss)
1508 silly packumentCache full:https://registry.npmjs.org/tslib set size:undefined disposed:false
1509 http fetch GET 200 https://registry.npmjs.org/@emnapi%2fwasi-threads 38ms (cache miss)
1510 silly packumentCache full:https://registry.npmjs.org/@emnapi%2fwasi-threads set size:undefined disposed:false
1511 http fetch GET 200 https://registry.npmjs.org/@tybys%2fwasm-util 217ms (cache miss)
1512 silly packumentCache full:https://registry.npmjs.org/@tybys%2fwasm-util set size:undefined disposed:false
1513 silly placeDep ROOT @emnapi/wasi-threads@1.2.1 OK for: @emnapi/core@1.10.0 want: 1.2.1
1514 silly placeDep ROOT tslib@2.8.1 OK for: @emnapi/core@1.10.0 want: ^2.4.0
1515 silly placeDep ROOT @tybys/wasm-util@0.10.2 OK for: @napi-rs/wasm-runtime@1.1.4 want: ^0.10.1
1516 silly placeDep ROOT lru-cache@11.5.1 OK for: path-scurry@2.0.2 want: ^11.0.0
1517 silly placeDep ROOT parse-ms@2.1.0 OK for: pretty-ms@7.0.1 want: ^2.1.0
1518 silly placeDep ROOT http-proxy-agent@7.0.2 OK for: proxy-agent@6.4.0 want: ^7.0.1
1519 silly placeDep node_modules/proxy-agent lru-cache@7.18.3 OK for: proxy-agent@6.4.0 want: ^7.14.1
1520 silly placeDep ROOT pac-proxy-agent@7.2.0 OK for: proxy-agent@6.4.0 want: ^7.0.1
1521 silly placeDep ROOT proxy-from-env@1.1.0 OK for: proxy-agent@6.4.0 want: ^1.1.0
1522 silly placeDep ROOT socks-proxy-agent@8.0.5 OK for: proxy-agent@6.4.0 want: ^8.0.2
1523 silly fetch manifest get-uri@^6.0.1
1524 silly packumentCache full:https://registry.npmjs.org/get-uri cache-miss
1525 silly fetch manifest pac-resolver@^7.0.1
1526 silly packumentCache full:https://registry.npmjs.org/pac-resolver cache-miss
1527 silly fetch manifest socks-proxy-agent@^8.0.5
1528 silly packumentCache full:https://registry.npmjs.org/socks-proxy-agent cache-miss
1529 silly fetch manifest @tootallnate/quickjs-emscripten@^0.23.0
1530 silly packumentCache full:https://registry.npmjs.org/@tootallnate%2fquickjs-emscripten cache-miss
1531 silly fetch manifest socks@^2.8.3
1532 silly packumentCache full:https://registry.npmjs.org/socks cache-miss
1533 http cache https://registry.npmjs.org/socks-proxy-agent 4ms (cache hit)
1534 silly packumentCache full:https://registry.npmjs.org/socks-proxy-agent set size:104740 disposed:false
1535 http fetch GET 200 https://registry.npmjs.org/pac-resolver 32ms (cache miss)
1536 silly packumentCache full:https://registry.npmjs.org/pac-resolver set size:undefined disposed:false
1537 http fetch GET 200 https://registry.npmjs.org/@tootallnate%2fquickjs-emscripten 41ms (cache miss)
1538 silly packumentCache full:https://registry.npmjs.org/@tootallnate%2fquickjs-emscripten set size:undefined disposed:false
1539 http fetch GET 200 https://registry.npmjs.org/socks 247ms (cache miss)
1540 silly packumentCache full:https://registry.npmjs.org/socks set size:undefined disposed:false
1541 http fetch GET 200 https://registry.npmjs.org/get-uri 474ms (cache miss)
1542 silly packumentCache full:https://registry.npmjs.org/get-uri set size:undefined disposed:false
1543 silly placeDep ROOT @tootallnate/quickjs-emscripten@0.23.0 OK for: pac-proxy-agent@7.2.0 want: ^0.23.0
1544 silly placeDep ROOT get-uri@6.0.5 OK for: pac-proxy-agent@7.2.0 want: ^6.0.1
1545 silly placeDep ROOT pac-resolver@7.0.1 OK for: pac-proxy-agent@7.2.0 want: ^7.0.1
1546 silly fetch manifest basic-ftp@^5.0.2
1547 silly packumentCache full:https://registry.npmjs.org/basic-ftp cache-miss
1548 silly fetch manifest data-uri-to-buffer@^6.0.2
1549 silly packumentCache full:https://registry.npmjs.org/data-uri-to-buffer cache-miss
1550 silly fetch manifest netmask@^2.0.2
1551 silly packumentCache full:https://registry.npmjs.org/netmask cache-miss
1552 silly fetch manifest degenerator@^5.0.0
1553 silly packumentCache full:https://registry.npmjs.org/degenerator cache-miss
1554 http fetch GET 200 https://registry.npmjs.org/data-uri-to-buffer 30ms (cache miss)
1555 silly packumentCache full:https://registry.npmjs.org/data-uri-to-buffer set size:undefined disposed:false
1556 http fetch GET 200 https://registry.npmjs.org/netmask 30ms (cache miss)
1557 silly packumentCache full:https://registry.npmjs.org/netmask set size:undefined disposed:false
1558 http fetch GET 200 https://registry.npmjs.org/degenerator 38ms (cache miss)
1559 silly packumentCache full:https://registry.npmjs.org/degenerator set size:undefined disposed:false
1560 http fetch GET 200 https://registry.npmjs.org/basic-ftp 47ms (cache miss)
1561 silly packumentCache full:https://registry.npmjs.org/basic-ftp set size:undefined disposed:false
1562 silly placeDep ROOT basic-ftp@5.3.1 OK for: get-uri@6.0.5 want: ^5.0.2
1563 silly placeDep ROOT data-uri-to-buffer@6.0.2 OK for: get-uri@6.0.5 want: ^6.0.2
1564 silly placeDep ROOT degenerator@5.0.1 OK for: pac-resolver@7.0.1 want: ^5.0.0
1565 silly placeDep ROOT netmask@2.1.1 OK for: pac-resolver@7.0.1 want: ^2.0.2
1566 silly fetch manifest esprima@^4.0.1
1567 silly packumentCache full:https://registry.npmjs.org/esprima cache-miss
1568 silly fetch manifest ast-types@^0.13.4
1569 silly packumentCache full:https://registry.npmjs.org/ast-types cache-miss
1570 silly fetch manifest escodegen@^2.1.0
1571 silly packumentCache full:https://registry.npmjs.org/escodegen cache-miss
1572 http fetch GET 200 https://registry.npmjs.org/escodegen 31ms (cache miss)
1573 silly packumentCache full:https://registry.npmjs.org/escodegen set size:undefined disposed:false
1574 http fetch GET 200 https://registry.npmjs.org/esprima 217ms (cache miss)
1575 silly packumentCache full:https://registry.npmjs.org/esprima set size:undefined disposed:false
1576 http fetch GET 200 https://registry.npmjs.org/ast-types 250ms (cache miss)
1577 silly packumentCache full:https://registry.npmjs.org/ast-types set size:undefined disposed:false
1578 silly placeDep ROOT ast-types@0.13.4 OK for: degenerator@5.0.1 want: ^0.13.4
1579 silly placeDep ROOT escodegen@2.1.0 OK for: degenerator@5.0.1 want: ^2.1.0
1580 silly placeDep ROOT esprima@4.0.1 OK for: degenerator@5.0.1 want: ^4.0.1
1581 silly fetch manifest estraverse@^5.2.0
1582 silly packumentCache full:https://registry.npmjs.org/estraverse cache-miss
1583 silly fetch manifest esutils@^2.0.2
1584 silly packumentCache full:https://registry.npmjs.org/esutils cache-miss
1585 silly fetch manifest source-map@~0.6.1
1586 silly packumentCache full:https://registry.npmjs.org/source-map cache-miss
1587 http fetch GET 200 https://registry.npmjs.org/esutils 36ms (cache miss)
1588 silly packumentCache full:https://registry.npmjs.org/esutils set size:undefined disposed:false
1589 http fetch GET 200 https://registry.npmjs.org/source-map 222ms (cache miss)
1590 silly packumentCache full:https://registry.npmjs.org/source-map set size:undefined disposed:false
1591 http fetch GET 200 https://registry.npmjs.org/estraverse 227ms (cache miss)
1592 silly packumentCache full:https://registry.npmjs.org/estraverse set size:undefined disposed:false
1593 silly placeDep ROOT estraverse@5.3.0 OK for: escodegen@2.1.0 want: ^5.2.0
1594 silly placeDep ROOT esutils@2.0.3 OK for: escodegen@2.1.0 want: ^2.0.2
1595 silly placeDep ROOT source-map@0.6.1 OK for: escodegen@2.1.0 want: ~0.6.1
1596 silly placeDep ROOT end-of-stream@1.4.5 OK for: pump@3.0.4 want: ^1.1.0
1597 silly placeDep ROOT once@1.4.0 OK for: pump@3.0.4 want: ^1.3.1
1598 silly fetch manifest once@^1.4.0
1599 silly packumentCache full:https://registry.npmjs.org/once cache-miss
1600 silly fetch manifest wrappy@1
1601 silly packumentCache full:https://registry.npmjs.org/wrappy cache-miss
1602 http cache https://registry.npmjs.org/once 3ms (cache hit)
1603 silly packumentCache full:https://registry.npmjs.org/once set size:11752 disposed:false
1604 http fetch GET 200 https://registry.npmjs.org/wrappy 18ms (cache miss)
1605 silly packumentCache full:https://registry.npmjs.org/wrappy set size:undefined disposed:false
1606 silly placeDep ROOT wrappy@1.0.2 OK for: once@1.4.0 want: 1
1607 silly placeDep ROOT bytes@3.1.0 OK for: raw-body@2.4.1 want: 3.1.0
1608 silly placeDep ROOT http-errors@1.7.3 OK for: raw-body@2.4.1 want: 1.7.3
1609 silly placeDep ROOT iconv-lite@0.4.24 OK for: raw-body@2.4.1 want: 0.4.24
1610 silly placeDep ROOT unpipe@1.0.0 OK for: raw-body@2.4.1 want: 1.0.0
1611 silly fetch manifest depd@~1.1.2
1612 silly packumentCache full:https://registry.npmjs.org/depd cache-miss
1613 silly fetch manifest inherits@2.0.4
1614 silly packumentCache full:https://registry.npmjs.org/inherits cache-miss
1615 silly fetch manifest statuses@>= 1.5.0 < 2
1616 silly packumentCache full:https://registry.npmjs.org/statuses cache-miss
1617 silly fetch manifest toidentifier@1.0.0
1618 silly packumentCache full:https://registry.npmjs.org/toidentifier cache-miss
1619 silly fetch manifest setprototypeof@1.1.1
1620 silly packumentCache full:https://registry.npmjs.org/setprototypeof cache-miss
1621 silly fetch manifest safer-buffer@>= 2.1.2 < 3
1622 silly packumentCache full:https://registry.npmjs.org/safer-buffer cache-miss
1623 http fetch GET 200 https://registry.npmjs.org/inherits 19ms (cache miss)
1624 silly packumentCache full:https://registry.npmjs.org/inherits set size:undefined disposed:false
1625 http fetch GET 200 https://registry.npmjs.org/statuses 25ms (cache miss)
1626 silly packumentCache full:https://registry.npmjs.org/statuses set size:undefined disposed:false
1627 http fetch GET 200 https://registry.npmjs.org/safer-buffer 30ms (cache miss)
1628 silly packumentCache full:https://registry.npmjs.org/safer-buffer set size:undefined disposed:false
1629 http fetch GET 200 https://registry.npmjs.org/depd 32ms (cache miss)
1630 silly packumentCache full:https://registry.npmjs.org/depd set size:undefined disposed:false
1631 http fetch GET 200 https://registry.npmjs.org/toidentifier 213ms (cache miss)
1632 silly packumentCache full:https://registry.npmjs.org/toidentifier set size:undefined disposed:false
1633 http fetch GET 200 https://registry.npmjs.org/setprototypeof 214ms (cache miss)
1634 silly packumentCache full:https://registry.npmjs.org/setprototypeof set size:undefined disposed:false
1635 silly placeDep ROOT depd@1.1.2 OK for: http-errors@1.7.3 want: ~1.1.2
1636 silly placeDep ROOT inherits@2.0.4 OK for: http-errors@1.7.3 want: 2.0.4
1637 silly placeDep ROOT setprototypeof@1.1.1 OK for: http-errors@1.7.3 want: 1.1.1
1638 silly placeDep ROOT statuses@1.5.0 OK for: http-errors@1.7.3 want: >= 1.5.0 < 2
1639 silly placeDep ROOT toidentifier@1.0.0 OK for: http-errors@1.7.3 want: 1.0.0
1640 silly placeDep ROOT safer-buffer@2.1.2 OK for: iconv-lite@0.4.24 want: >= 2.1.2 < 3
1641 silly placeDep ROOT @oxc-project/types@0.110.0 OK for: rolldown@1.0.0-rc.1 want: =0.110.0
1642 silly placeDep ROOT @rolldown/binding-android-arm64@1.0.0-rc.1 OK for: rolldown@1.0.0-rc.1 want: 1.0.0-rc.1
1643 silly placeDep ROOT @rolldown/binding-darwin-arm64@1.0.0-rc.1 OK for: rolldown@1.0.0-rc.1 want: 1.0.0-rc.1
1644 silly placeDep ROOT @rolldown/binding-darwin-x64@1.0.0-rc.1 OK for: rolldown@1.0.0-rc.1 want: 1.0.0-rc.1
1645 silly placeDep ROOT @rolldown/binding-freebsd-x64@1.0.0-rc.1 OK for: rolldown@1.0.0-rc.1 want: 1.0.0-rc.1
1646 silly placeDep ROOT @rolldown/binding-linux-arm-gnueabihf@1.0.0-rc.1 OK for: rolldown@1.0.0-rc.1 want: 1.0.0-rc.1
1647 silly placeDep ROOT @rolldown/binding-linux-arm64-gnu@1.0.0-rc.1 OK for: rolldown@1.0.0-rc.1 want: 1.0.0-rc.1
1648 silly placeDep ROOT @rolldown/binding-linux-arm64-musl@1.0.0-rc.1 OK for: rolldown@1.0.0-rc.1 want: 1.0.0-rc.1
1649 silly placeDep ROOT @rolldown/binding-linux-x64-gnu@1.0.0-rc.1 OK for: rolldown@1.0.0-rc.1 want: 1.0.0-rc.1
1650 silly placeDep ROOT @rolldown/binding-linux-x64-musl@1.0.0-rc.1 OK for: rolldown@1.0.0-rc.1 want: 1.0.0-rc.1
1651 silly placeDep ROOT @rolldown/binding-openharmony-arm64@1.0.0-rc.1 OK for: rolldown@1.0.0-rc.1 want: 1.0.0-rc.1
1652 silly placeDep ROOT @rolldown/binding-wasm32-wasi@1.0.0-rc.1 OK for: rolldown@1.0.0-rc.1 want: 1.0.0-rc.1
1653 silly placeDep ROOT @rolldown/binding-win32-arm64-msvc@1.0.0-rc.1 OK for: rolldown@1.0.0-rc.1 want: 1.0.0-rc.1
1654 silly placeDep ROOT @rolldown/binding-win32-x64-msvc@1.0.0-rc.1 OK for: rolldown@1.0.0-rc.1 want: 1.0.0-rc.1
1655 silly placeDep ROOT @rolldown/pluginutils@1.0.0-rc.1 OK for: rolldown@1.0.0-rc.1 want: 1.0.0-rc.1
1656 silly placeDep ROOT @vercel/sandbox@1.9.0 OK for: sandbox@2.5.6 want: 1.9.0
1657 silly placeDep node_modules/sandbox debug@4.4.3 OK for: sandbox@2.5.6 want: ^4.4.1
1658 silly fetch manifest ms@2.1.3
1659 silly packumentCache full:https://registry.npmjs.org/ms cache-hit
1660 silly fetch manifest zod@3.24.4
1661 silly packumentCache full:https://registry.npmjs.org/zod cache-miss
1662 silly fetch manifest undici@^7.16.0
1663 silly packumentCache full:https://registry.npmjs.org/undici cache-miss
1664 silly fetch manifest jsonlines@0.1.1
1665 silly packumentCache full:https://registry.npmjs.org/jsonlines cache-miss
1666 silly fetch manifest picocolors@^1.1.1
1667 silly packumentCache full:https://registry.npmjs.org/picocolors cache-miss
1668 silly fetch manifest tar-stream@3.1.7
1669 silly packumentCache full:https://registry.npmjs.org/tar-stream cache-miss
1670 silly fetch manifest @vercel/oidc@3.2.0
1671 silly packumentCache full:https://registry.npmjs.org/@vercel%2foidc cache-miss
1672 silly fetch manifest ms@^2.1.3
1673 silly packumentCache full:https://registry.npmjs.org/ms cache-hit
1674 http cache https://registry.npmjs.org/picocolors 2ms (cache hit)
1675 silly packumentCache full:https://registry.npmjs.org/picocolors set size:16648 disposed:false
1676 http cache https://registry.npmjs.org/undici 4ms (cache hit)
1677 silly packumentCache full:https://registry.npmjs.org/undici set size:1396737 disposed:false
1678 http cache https://registry.npmjs.org/zod 11ms (cache hit)
1679 silly packumentCache full:https://registry.npmjs.org/zod set size:3552562 disposed:false
1680 http fetch GET 200 https://registry.npmjs.org/jsonlines 20ms (cache miss)
1681 silly packumentCache full:https://registry.npmjs.org/jsonlines set size:undefined disposed:false
1682 http fetch GET 200 https://registry.npmjs.org/tar-stream 36ms (cache miss)
1683 silly packumentCache full:https://registry.npmjs.org/tar-stream set size:undefined disposed:false
1684 http fetch GET 200 https://registry.npmjs.org/@vercel%2foidc 697ms (cache miss)
1685 silly packumentCache full:https://registry.npmjs.org/@vercel%2foidc set size:undefined disposed:false
1686 silly placeDep ROOT @vercel/oidc@3.2.0 OK for: @vercel/sandbox@1.9.0 want: 3.2.0
1687 silly placeDep ROOT jsonlines@0.1.1 OK for: @vercel/sandbox@1.9.0 want: 0.1.1
1688 silly placeDep node_modules/@vercel/sandbox ms@2.1.3 OK for: @vercel/sandbox@1.9.0 want: 2.1.3
1689 silly placeDep node_modules/@vercel/sandbox picocolors@1.1.1 OK for: @vercel/sandbox@1.9.0 want: ^1.1.1
1690 silly placeDep ROOT tar-stream@3.1.7 OK for: @vercel/sandbox@1.9.0 want: 3.1.7
1691 silly placeDep node_modules/@vercel/sandbox undici@7.26.0 OK for: @vercel/sandbox@1.9.0 want: ^7.16.0
1692 silly placeDep node_modules/@vercel/sandbox xdg-app-paths@5.1.0 OK for: @vercel/sandbox@1.9.0 want: 5.1.0
1693 silly placeDep node_modules/@vercel/sandbox zod@3.24.4 OK for: @vercel/sandbox@1.9.0 want: 3.24.4
1694 silly fetch manifest b4a@^1.6.4
1695 silly packumentCache full:https://registry.npmjs.org/b4a cache-miss
1696 silly fetch manifest streamx@^2.15.0
1697 silly packumentCache full:https://registry.npmjs.org/streamx cache-miss
1698 silly fetch manifest fast-fifo@^1.2.0
1699 silly packumentCache full:https://registry.npmjs.org/fast-fifo cache-miss
1700 http fetch GET 200 https://registry.npmjs.org/b4a 22ms (cache miss)
1701 silly packumentCache full:https://registry.npmjs.org/b4a set size:undefined disposed:false
1702 http fetch GET 200 https://registry.npmjs.org/fast-fifo 27ms (cache miss)
1703 silly packumentCache full:https://registry.npmjs.org/fast-fifo set size:undefined disposed:false
1704 http fetch GET 200 https://registry.npmjs.org/streamx 47ms (cache miss)
1705 silly packumentCache full:https://registry.npmjs.org/streamx set size:undefined disposed:false
1706 silly placeDep node_modules/semver lru-cache@6.0.0 OK for: semver@7.5.4 want: ^6.0.0
1707 silly fetch manifest yallist@^4.0.0
1708 silly packumentCache full:https://registry.npmjs.org/yallist cache-miss
1709 http cache https://registry.npmjs.org/yallist 1ms (cache hit)
1710 silly packumentCache full:https://registry.npmjs.org/yallist set size:34610 disposed:false
1711 silly placeDep ROOT shebang-regex@3.0.0 OK for: shebang-command@2.0.0 want: ^3.0.0
1712 silly placeDep ROOT socks@2.8.9 OK for: socks-proxy-agent@8.0.5 want: ^2.8.3
1713 silly fetch manifest ip-address@^10.1.1
1714 silly packumentCache full:https://registry.npmjs.org/ip-address cache-miss
1715 silly fetch manifest smart-buffer@^4.2.0
1716 silly packumentCache full:https://registry.npmjs.org/smart-buffer cache-miss
1717 http fetch GET 200 https://registry.npmjs.org/smart-buffer 25ms (cache miss)
1718 silly packumentCache full:https://registry.npmjs.org/smart-buffer set size:undefined disposed:false
1719 http fetch GET 200 https://registry.npmjs.org/ip-address 60ms (cache miss)
1720 silly packumentCache full:https://registry.npmjs.org/ip-address set size:undefined disposed:false
1721 silly placeDep ROOT ip-address@10.2.0 OK for: socks@2.8.9 want: ^10.1.1
1722 silly placeDep ROOT smart-buffer@4.2.0 OK for: socks@2.8.9 want: ^4.2.0
1723 silly placeDep ROOT cookie-es@2.0.1 OK for: srvx@0.8.9 want: ^2.0.0
1724 silly placeDep ROOT any-promise@1.3.0 OK for: stream-to-promise@2.2.0 want: ~1.3.0
1725 silly placeDep node_modules/stream-to-promise end-of-stream@1.1.0 OK for: stream-to-promise@2.2.0 want: ~1.1.0
1726 silly placeDep ROOT stream-to-array@2.3.0 OK for: stream-to-promise@2.2.0 want: ~2.3.0
1727 silly fetch manifest once@~1.3.0
1728 silly packumentCache full:https://registry.npmjs.org/once cache-hit
1729 silly placeDep ROOT @isaacs/fs-minipass@4.0.1 OK for: tar@7.5.7 want: ^4.0.0
1730 silly placeDep ROOT chownr@3.0.0 OK for: tar@7.5.7 want: ^3.0.0
1731 silly placeDep ROOT minizlib@3.1.0 OK for: tar@7.5.7 want: ^3.1.0
1732 silly placeDep ROOT yallist@5.0.0 OK for: tar@7.5.7 want: ^5.0.0
1733 silly fetch manifest react-native-b4a@*
1734 silly packumentCache full:https://registry.npmjs.org/react-native-b4a cache-miss
1735 http fetch GET 200 https://registry.npmjs.org/react-native-b4a 18ms (cache miss)
1736 silly packumentCache full:https://registry.npmjs.org/react-native-b4a set size:undefined disposed:false
1737 silly fetch manifest react@*
1738 silly packumentCache full:https://registry.npmjs.org/react cache-miss
1739 http fetch GET 200 https://registry.npmjs.org/react 822ms (cache miss)
1740 silly packumentCache full:https://registry.npmjs.org/react set size:undefined disposed:false
1741 silly fetch manifest react-native@*
1742 silly packumentCache full:https://registry.npmjs.org/react-native cache-miss
1743 http fetch GET 200 https://registry.npmjs.org/react-native 976ms (cache miss)
1744 silly packumentCache full:https://registry.npmjs.org/react-native set size:undefined disposed:false
1745 silly fetch manifest @react-native/jest-preset@0.85.3
1746 silly packumentCache full:https://registry.npmjs.org/@react-native%2fjest-preset cache-miss
1747 http fetch GET 200 https://registry.npmjs.org/@react-native%2fjest-preset 243ms (cache miss)
1748 silly packumentCache full:https://registry.npmjs.org/@react-native%2fjest-preset set size:undefined disposed:false
1749 silly fetch manifest @types/react@^19.1.1
1750 silly packumentCache full:https://registry.npmjs.org/@types%2freact cache-miss
1751 http fetch GET 200 https://registry.npmjs.org/@types%2freact 194ms (cache miss)
1752 silly packumentCache full:https://registry.npmjs.org/@types%2freact set size:undefined disposed:false
1753 silly placeDep ROOT b4a@1.8.1 OK for: tar-stream@3.1.7 want: ^1.6.4
1754 silly placeDep ROOT fast-fifo@1.3.2 OK for: tar-stream@3.1.7 want: ^1.2.0
1755 silly placeDep ROOT streamx@2.26.0 OK for: tar-stream@3.1.7 want: ^2.15.0
1756 silly fetch manifest events-universal@^1.0.0
1757 silly packumentCache full:https://registry.npmjs.org/events-universal cache-miss
1758 silly fetch manifest text-decoder@^1.1.0
1759 silly packumentCache full:https://registry.npmjs.org/text-decoder cache-miss
1760 http fetch GET 200 https://registry.npmjs.org/events-universal 18ms (cache miss)
1761 silly packumentCache full:https://registry.npmjs.org/events-universal set size:undefined disposed:false
1762 http fetch GET 200 https://registry.npmjs.org/text-decoder 20ms (cache miss)
1763 silly packumentCache full:https://registry.npmjs.org/text-decoder set size:undefined disposed:false
1764 silly placeDep ROOT events-universal@1.0.1 OK for: streamx@2.26.0 want: ^1.0.0
1765 silly placeDep ROOT text-decoder@1.2.7 OK for: streamx@2.26.0 want: ^1.1.0
1766 silly fetch manifest bare-events@^2.7.0
1767 silly packumentCache full:https://registry.npmjs.org/bare-events cache-miss
1768 http fetch GET 200 https://registry.npmjs.org/bare-events 214ms (cache miss)
1769 silly packumentCache full:https://registry.npmjs.org/bare-events set size:undefined disposed:false
1770 silly fetch manifest bare-abort-controller@*
1771 silly packumentCache full:https://registry.npmjs.org/bare-abort-controller cache-miss
1772 http fetch GET 200 https://registry.npmjs.org/bare-abort-controller 32ms (cache miss)
1773 silly packumentCache full:https://registry.npmjs.org/bare-abort-controller set size:undefined disposed:false
1774 silly placeDep ROOT bare-events@2.8.3 OK for: events-universal@1.0.1 want: ^2.7.0
1775 silly placeDep ROOT convert-hrtime@3.0.0 OK for: time-span@4.0.0 want: ^3.0.0
1776 silly placeDep ROOT @ts-morph/common@0.11.1 OK for: ts-morph@12.0.0 want: ~0.11.0
1777 silly placeDep ROOT code-block-writer@10.1.1 OK for: ts-morph@12.0.0 want: ^10.1.1
1778 silly fetch manifest mkdirp@^1.0.4
1779 silly packumentCache full:https://registry.npmjs.org/mkdirp cache-miss
1780 silly fetch manifest fast-glob@^3.2.7
1781 silly packumentCache full:https://registry.npmjs.org/fast-glob cache-miss
1782 silly fetch manifest minimatch@^3.0.4
1783 silly packumentCache full:https://registry.npmjs.org/minimatch cache-hit
1784 silly fetch manifest path-browserify@^1.0.1
1785 silly packumentCache full:https://registry.npmjs.org/path-browserify cache-miss
1786 http fetch GET 200 https://registry.npmjs.org/path-browserify 21ms (cache miss)
1787 silly packumentCache full:https://registry.npmjs.org/path-browserify set size:undefined disposed:false
1788 http fetch GET 200 https://registry.npmjs.org/mkdirp 227ms (cache miss)
1789 silly packumentCache full:https://registry.npmjs.org/mkdirp set size:undefined disposed:false
1790 http fetch GET 200 https://registry.npmjs.org/fast-glob 234ms (cache miss)
1791 silly packumentCache full:https://registry.npmjs.org/fast-glob set size:undefined disposed:false
1792 silly placeDep ROOT fast-glob@3.3.3 OK for: @ts-morph/common@0.11.1 want: ^3.2.7
1793 silly placeDep node_modules/@ts-morph/common minimatch@3.1.5 OK for: @ts-morph/common@0.11.1 want: ^3.0.4
1794 silly placeDep ROOT mkdirp@1.0.4 OK for: @ts-morph/common@0.11.1 want: ^1.0.4
1795 silly placeDep ROOT path-browserify@1.0.1 OK for: @ts-morph/common@0.11.1 want: ^1.0.1
1796 silly fetch manifest @nodelib/fs.stat@^2.0.2
1797 silly packumentCache full:https://registry.npmjs.org/@nodelib%2ffs.stat cache-miss
1798 silly fetch manifest @nodelib/fs.walk@^1.2.3
1799 silly packumentCache full:https://registry.npmjs.org/@nodelib%2ffs.walk cache-miss
1800 silly fetch manifest glob-parent@^5.1.2
1801 silly packumentCache full:https://registry.npmjs.org/glob-parent cache-miss
1802 silly fetch manifest merge2@^1.3.0
1803 silly packumentCache full:https://registry.npmjs.org/merge2 cache-miss
1804 silly fetch manifest micromatch@^4.0.8
1805 silly packumentCache full:https://registry.npmjs.org/micromatch cache-miss
1806 silly fetch manifest brace-expansion@^1.1.7
1807 silly packumentCache full:https://registry.npmjs.org/brace-expansion cache-miss
1808 http cache https://registry.npmjs.org/brace-expansion 5ms (cache hit)
1809 silly packumentCache full:https://registry.npmjs.org/brace-expansion set size:72152 disposed:false
1810 http fetch GET 200 https://registry.npmjs.org/merge2 24ms (cache miss)
1811 silly packumentCache full:https://registry.npmjs.org/merge2 set size:undefined disposed:false
1812 http fetch GET 200 https://registry.npmjs.org/micromatch 28ms (cache miss)
1813 silly packumentCache full:https://registry.npmjs.org/micromatch set size:undefined disposed:false
1814 http fetch GET 200 https://registry.npmjs.org/glob-parent 32ms (cache miss)
1815 silly packumentCache full:https://registry.npmjs.org/glob-parent set size:undefined disposed:false
1816 http fetch GET 200 https://registry.npmjs.org/@nodelib%2ffs.walk 207ms (cache miss)
1817 silly packumentCache full:https://registry.npmjs.org/@nodelib%2ffs.walk set size:undefined disposed:false
1818 http fetch GET 200 https://registry.npmjs.org/@nodelib%2ffs.stat 210ms (cache miss)
1819 silly packumentCache full:https://registry.npmjs.org/@nodelib%2ffs.stat set size:undefined disposed:false
1820 silly placeDep ROOT @nodelib/fs.stat@2.0.5 OK for: fast-glob@3.3.3 want: ^2.0.2
1821 silly placeDep ROOT @nodelib/fs.walk@1.2.8 OK for: fast-glob@3.3.3 want: ^1.2.3
1822 silly placeDep ROOT glob-parent@5.1.2 OK for: fast-glob@3.3.3 want: ^5.1.2
1823 silly placeDep ROOT merge2@1.4.1 OK for: fast-glob@3.3.3 want: ^1.3.0
1824 silly placeDep ROOT micromatch@4.0.8 OK for: fast-glob@3.3.3 want: ^4.0.8
1825 silly fetch manifest fastq@^1.6.0
1826 silly packumentCache full:https://registry.npmjs.org/fastq cache-miss
1827 silly fetch manifest @nodelib/fs.scandir@2.1.5
1828 silly packumentCache full:https://registry.npmjs.org/@nodelib%2ffs.scandir cache-miss
1829 silly fetch manifest is-glob@^4.0.1
1830 silly packumentCache full:https://registry.npmjs.org/is-glob cache-miss
1831 silly fetch manifest braces@^3.0.3
1832 silly packumentCache full:https://registry.npmjs.org/braces cache-miss
1833 silly fetch manifest picomatch@^2.3.1
1834 silly packumentCache full:https://registry.npmjs.org/picomatch cache-miss
1835 http cache https://registry.npmjs.org/picomatch 3ms (cache hit)
1836 silly packumentCache full:https://registry.npmjs.org/picomatch set size:126376 disposed:false
1837 http fetch GET 200 https://registry.npmjs.org/is-glob 21ms (cache miss)
1838 silly packumentCache full:https://registry.npmjs.org/is-glob set size:undefined disposed:false
1839 http fetch GET 200 https://registry.npmjs.org/braces 27ms (cache miss)
1840 silly packumentCache full:https://registry.npmjs.org/braces set size:undefined disposed:false
1841 http fetch GET 200 https://registry.npmjs.org/fastq 45ms (cache miss)
1842 silly packumentCache full:https://registry.npmjs.org/fastq set size:undefined disposed:false
1843 http fetch GET 200 https://registry.npmjs.org/@nodelib%2ffs.scandir 213ms (cache miss)
1844 silly packumentCache full:https://registry.npmjs.org/@nodelib%2ffs.scandir set size:undefined disposed:false
1845 silly placeDep ROOT @nodelib/fs.scandir@2.1.5 OK for: @nodelib/fs.walk@1.2.8 want: 2.1.5
1846 silly placeDep ROOT fastq@1.20.1 OK for: @nodelib/fs.walk@1.2.8 want: ^1.6.0
1847 silly fetch manifest run-parallel@^1.1.9
1848 silly packumentCache full:https://registry.npmjs.org/run-parallel cache-miss
1849 silly fetch manifest reusify@^1.0.4
1850 silly packumentCache full:https://registry.npmjs.org/reusify cache-miss
1851 http fetch GET 200 https://registry.npmjs.org/run-parallel 21ms (cache miss)
1852 silly packumentCache full:https://registry.npmjs.org/run-parallel set size:undefined disposed:false
1853 http fetch GET 200 https://registry.npmjs.org/reusify 22ms (cache miss)
1854 silly packumentCache full:https://registry.npmjs.org/reusify set size:undefined disposed:false
1855 silly placeDep ROOT run-parallel@1.2.0 OK for: @nodelib/fs.scandir@2.1.5 want: ^1.1.9
1856 silly fetch manifest queue-microtask@^1.2.2
1857 silly packumentCache full:https://registry.npmjs.org/queue-microtask cache-miss
1858 http fetch GET 200 https://registry.npmjs.org/queue-microtask 29ms (cache miss)
1859 silly packumentCache full:https://registry.npmjs.org/queue-microtask set size:undefined disposed:false
1860 silly placeDep ROOT reusify@1.1.0 OK for: fastq@1.20.1 want: ^1.0.4
1861 silly placeDep ROOT is-glob@4.0.3 OK for: glob-parent@5.1.2 want: ^4.0.1
1862 silly fetch manifest is-extglob@^2.1.1
1863 silly packumentCache full:https://registry.npmjs.org/is-extglob cache-miss
1864 http fetch GET 200 https://registry.npmjs.org/is-extglob 17ms (cache miss)
1865 silly packumentCache full:https://registry.npmjs.org/is-extglob set size:undefined disposed:false
1866 silly placeDep ROOT is-extglob@2.1.1 OK for: is-glob@4.0.3 want: ^2.1.1
1867 silly placeDep ROOT braces@3.0.3 OK for: micromatch@4.0.8 want: ^3.0.3
1868 silly placeDep node_modules/micromatch picomatch@2.3.2 OK for: micromatch@4.0.8 want: ^2.3.1
1869 silly fetch manifest fill-range@^7.1.1
1870 silly packumentCache full:https://registry.npmjs.org/fill-range cache-miss
1871 http fetch GET 200 https://registry.npmjs.org/fill-range 24ms (cache miss)
1872 silly packumentCache full:https://registry.npmjs.org/fill-range set size:undefined disposed:false
1873 silly placeDep ROOT fill-range@7.1.1 OK for: braces@3.0.3 want: ^7.1.1
1874 silly fetch manifest to-regex-range@^5.0.1
1875 silly packumentCache full:https://registry.npmjs.org/to-regex-range cache-miss
1876 http fetch GET 200 https://registry.npmjs.org/to-regex-range 21ms (cache miss)
1877 silly packumentCache full:https://registry.npmjs.org/to-regex-range set size:undefined disposed:false
1878 silly placeDep ROOT to-regex-range@5.0.1 OK for: fill-range@7.1.1 want: ^5.0.1
1879 silly fetch manifest is-number@^7.0.0
1880 silly packumentCache full:https://registry.npmjs.org/is-number cache-miss
1881 http fetch GET 200 https://registry.npmjs.org/is-number 21ms (cache miss)
1882 silly packumentCache full:https://registry.npmjs.org/is-number set size:undefined disposed:false
1883 silly placeDep ROOT queue-microtask@1.2.3 OK for: run-parallel@1.2.0 want: ^1.2.2
1884 silly placeDep ROOT is-number@7.0.0 OK for: to-regex-range@5.0.1 want: ^7.0.0
1885 silly placeDep ROOT fsevents@2.3.3 OK for: tsx@4.21.0 want: ~2.3.3
1886 silly placeDep ROOT get-tsconfig@4.14.0 OK for: tsx@4.21.0 want: ^4.7.5
1887 silly fetch manifest resolve-pkg-maps@^1.0.0
1888 silly packumentCache full:https://registry.npmjs.org/resolve-pkg-maps cache-miss
1889 http fetch GET 200 https://registry.npmjs.org/resolve-pkg-maps 35ms (cache miss)
1890 silly packumentCache full:https://registry.npmjs.org/resolve-pkg-maps set size:undefined disposed:false
1891 silly placeDep ROOT resolve-pkg-maps@1.0.0 OK for: get-tsconfig@4.14.0 want: ^1.0.0
1892 silly placeDep ROOT punycode@2.3.1 OK for: uri-js@4.4.1 want: ^2.1.0
1893 silly placeDep ROOT tr46@0.0.3 OK for: whatwg-url@5.0.0 want: ~0.0.3
1894 silly placeDep ROOT webidl-conversions@3.0.1 OK for: whatwg-url@5.0.0 want: ^3.0.0
1895 silly placeDep ROOT isexe@2.0.0 OK for: which@2.0.2 want: ^2.0.0
1896 silly placeDep ROOT os-paths@4.4.0 OK for: xdg-app-paths@5.5.1 want: ^4.0.1
1897 silly placeDep ROOT xdg-portable@7.3.0 OK for: xdg-app-paths@5.5.1 want: ^7.2.0
1898 silly placeDep ROOT yauzl@2.10.0 OK for: yauzl-promise@2.1.3 want: ^2.9.1
1899 silly placeDep ROOT yauzl-clone@1.0.4 OK for: yauzl-promise@2.1.3 want: ^1.0.4
1900 silly fetch manifest fd-slicer@~1.1.0
1901 silly packumentCache full:https://registry.npmjs.org/fd-slicer cache-miss
1902 silly fetch manifest buffer-crc32@~0.2.3
1903 silly packumentCache full:https://registry.npmjs.org/buffer-crc32 cache-miss
1904 silly fetch manifest events-intercept@^2.0.0
1905 silly packumentCache full:https://registry.npmjs.org/events-intercept cache-miss
1906 http fetch GET 200 https://registry.npmjs.org/fd-slicer 19ms (cache miss)
1907 silly packumentCache full:https://registry.npmjs.org/fd-slicer set size:undefined disposed:false
1908 http fetch GET 200 https://registry.npmjs.org/events-intercept 19ms (cache miss)
1909 silly packumentCache full:https://registry.npmjs.org/events-intercept set size:undefined disposed:false
1910 http fetch GET 200 https://registry.npmjs.org/buffer-crc32 226ms (cache miss)
1911 silly packumentCache full:https://registry.npmjs.org/buffer-crc32 set size:undefined disposed:false
1912 silly placeDep ROOT buffer-crc32@0.2.13 OK for: yauzl@2.10.0 want: ~0.2.3
1913 silly placeDep ROOT fd-slicer@1.1.0 OK for: yauzl@2.10.0 want: ~1.1.0
1914 silly fetch manifest pend@~1.2.0
1915 silly packumentCache full:https://registry.npmjs.org/pend cache-miss
1916 http fetch GET 200 https://registry.npmjs.org/pend 26ms (cache miss)
1917 silly packumentCache full:https://registry.npmjs.org/pend set size:undefined disposed:false
1918 silly placeDep ROOT pend@1.2.0 OK for: fd-slicer@1.1.0 want: ~1.2.0
1919 silly placeDep ROOT events-intercept@2.0.0 OK for: yauzl-clone@1.0.4 want: ^2.0.0
1920 silly placeDep ROOT brace-expansion@1.1.15 OK for: minimatch@3.1.5 want: ^1.1.7
1921 silly fetch manifest balanced-match@^1.0.0
1922 silly packumentCache full:https://registry.npmjs.org/balanced-match cache-miss
1923 silly fetch manifest concat-map@0.0.1
1924 silly packumentCache full:https://registry.npmjs.org/concat-map cache-miss
1925 http fetch GET 200 https://registry.npmjs.org/balanced-match 19ms (cache miss)
1926 silly packumentCache full:https://registry.npmjs.org/balanced-match set size:undefined disposed:false
1927 http fetch GET 200 https://registry.npmjs.org/concat-map 19ms (cache miss)
1928 silly packumentCache full:https://registry.npmjs.org/concat-map set size:undefined disposed:false
1929 silly placeDep ROOT balanced-match@1.0.2 OK for: brace-expansion@1.1.15 want: ^1.0.0
1930 silly placeDep ROOT concat-map@0.0.1 OK for: brace-expansion@1.1.15 want: 0.0.1
1931 silly placeDep ROOT @fastify/busboy@2.1.1 OK for: undici@5.28.4 want: ^2.0.0
1932 silly placeDep node_modules/@vercel/rust get-stream@6.0.1 OK for: execa@5.1.1 want: ^6.0.0
1933 silly placeDep node_modules/@vercel/rust human-signals@2.1.0 OK for: execa@5.1.1 want: ^2.1.0
1934 silly placeDep node_modules/@vercel/rust signal-exit@3.0.7 OK for: execa@5.1.1 want: ^3.0.3
1935 silly placeDep node_modules/glob brace-expansion@5.0.6 OK for: minimatch@10.2.5 want: ^5.0.5
1936 silly fetch manifest balanced-match@^4.0.2
1937 silly packumentCache full:https://registry.npmjs.org/balanced-match cache-miss
1938 http cache https://registry.npmjs.org/balanced-match 1ms (cache hit)
1939 silly packumentCache full:https://registry.npmjs.org/balanced-match set size:39082 disposed:false
1940 silly placeDep node_modules/glob balanced-match@4.0.4 OK for: brace-expansion@5.0.6 want: ^4.0.2
1941 silly placeDep node_modules/sandbox ms@2.1.3 OK for: debug@4.4.3 want: ^2.1.3
1942 silly placeDep node_modules/semver yallist@4.0.0 OK for: lru-cache@6.0.0 want: ^4.0.0
1943 silly placeDep node_modules/stream-to-promise once@1.3.3 OK for: end-of-stream@1.1.0 want: ~1.3.0
1944 silly reify moves {}
1945 silly audit bulk request {
1945 silly audit   vercel: [ '54.6.1' ],
1945 silly audit   '@vercel/backends': [ '0.8.3' ],
1945 silly audit   '@vercel/blob': [ '2.4.0' ],
1945 silly audit   '@vercel/build-utils': [ '13.26.4' ],
1945 silly audit   '@vercel/cli-config': [ '0.1.2' ],
1945 silly audit   '@vercel/detect-agent': [ '1.2.3' ],
1945 silly audit   '@vercel/elysia': [ '0.1.84' ],
1945 silly audit   '@vercel/express': [ '0.1.94' ],
1945 silly audit   '@vercel/fastify': [ '0.1.87' ],
1945 silly audit   '@vercel/fun': [ '1.3.0' ],
1945 silly audit   '@vercel/go': [ '3.8.0' ],
1945 silly audit   '@vercel/h3': [ '0.1.93' ],
1945 silly audit   '@vercel/hono': [ '0.2.87' ],
1945 silly audit   '@vercel/hydrogen': [ '1.3.8' ],
1945 silly audit   '@vercel/koa': [ '0.1.67' ],
1945 silly audit   '@vercel/nestjs': [ '0.2.88' ],
1945 silly audit   '@vercel/next': [ '4.17.5' ],
1945 silly audit   '@vercel/node': [ '5.8.8' ],
1945 silly audit   '@vercel/prepare-flags-definitions': [ '0.2.1' ],
1945 silly audit   '@vercel/python': [ '6.44.0' ],
1945 silly audit   '@vercel/redwood': [ '2.4.15' ],
1945 silly audit   '@vercel/remix-builder': [ '5.8.4' ],
1945 silly audit   '@vercel/ruby': [ '2.4.0' ],
1945 silly audit   '@vercel/rust': [ '1.3.0' ],
1945 silly audit   '@vercel/static-build': [ '2.9.33' ],
1945 silly audit   chokidar: [ '4.0.0' ],
1945 silly audit   esbuild: [ '0.27.0' ],
1945 silly audit   'form-data': [ '4.0.5' ],
1945 silly audit   jose: [ '5.9.6' ],
1945 silly audit   luxon: [ '3.7.2' ],
1945 silly audit   'proxy-agent': [ '6.4.0' ],
1945 silly audit   sandbox: [ '2.5.6' ],
1945 silly audit   'smol-toml': [ '1.5.2' ],
1945 silly audit   zod: [ '4.1.11', '3.22.4', '3.24.4' ],
1945 silly audit   '@vercel/nft': [ '1.10.0' ],
1945 silly audit   execa: [ '3.2.0', '5.1.1' ],
1945 silly audit   'fs-extra': [ '11.1.0', '11.1.1' ],
1945 silly audit   'get-port': [ '5.1.1' ],
1945 silly audit   'oxc-transform': [ '0.111.0' ],
1945 silly audit   'path-to-regexp': [ '8.3.0', '8.2.0', '6.1.0', '6.3.0' ],
1945 silly audit   'resolve.exports': [ '2.0.3' ],
1945 silly audit   rolldown: [ '1.0.0-rc.1' ],
1945 silly audit   srvx: [ '0.8.9' ],
1945 silly audit   tsx: [ '4.21.0' ],
1945 silly audit   'async-retry': [ '1.3.3' ],
1945 silly audit   'is-buffer': [ '2.0.5' ],
1945 silly audit   'is-node-process': [ '1.2.0' ],
1945 silly audit   throttleit: [ '2.1.0' ],
1945 silly audit   undici: [ '6.26.0', '5.28.4', '7.26.0' ],
1945 silly audit   '@vercel/python-analysis': [ '0.11.1' ],
1945 silly audit   'cjs-module-lexer': [ '1.2.3' ],
1945 silly audit   'es-module-lexer': [ '1.5.0', '1.4.1' ],
1945 silly audit   'xdg-app-paths': [ '5.5.1', '5.1.0' ],
1945 silly audit   '@vercel/static-config': [ '3.4.0' ],
1945 silly audit   '@vercel/cervel': [ '0.1.11' ],
1945 silly audit   'ts-morph': [ '12.0.0' ],
1945 silly audit   '@tootallnate/once': [ '2.0.0' ],
1945 silly audit   'async-listen': [ '1.2.0', '3.0.0', '3.0.1' ],
1945 silly audit   debug: [ '4.3.4', '4.4.3' ],
1945 silly audit   'generic-pool': [ '3.4.2' ],
1945 silly audit   micro: [ '9.3.5-canary.3' ],
1945 silly audit   ms: [ '2.1.1', '2.1.2', '2.1.3' ],
1945 silly audit   'node-fetch': [ '2.6.7', '2.6.9' ],
1945 silly audit   promisepipe: [ '3.0.0' ],
1945 silly audit   semver: [ '7.5.4', '6.3.1' ],
1945 silly audit   'stat-mode': [ '0.3.0' ],
1945 silly audit   'stream-to-promise': [ '2.2.0' ],
1945 silly audit   tar: [ '7.5.7' ],
1945 silly audit   tinyexec: [ '0.3.2' ],
1945 silly audit   'tree-kill': [ '1.2.2' ],
1945 silly audit   'uid-promise': [ '1.0.0' ],
1945 silly audit   'yauzl-promise': [ '2.1.3' ],
1945 silly audit   '@mapbox/node-pre-gyp': [ '2.0.3' ],
1945 silly audit   '@rollup/pluginutils': [ '5.4.0' ],
1945 silly audit   acorn: [ '8.16.0' ],
1945 silly audit   'acorn-import-attributes': [ '1.9.5' ],
1945 silly audit   'async-sema': [ '3.1.1' ],
1945 silly audit   bindings: [ '1.5.0' ],
1945 silly audit   'estree-walker': [ '2.0.2' ],
1945 silly audit   glob: [ '13.0.6' ],
1945 silly audit   'graceful-fs': [ '4.2.11' ],
1945 silly audit   'node-gyp-build': [ '4.8.4' ],
1945 silly audit   picomatch: [ '4.0.4', '2.3.2' ],
1945 silly audit   'resolve-from': [ '5.0.0' ],
1945 silly audit   consola: [ '3.4.2' ],
1945 silly audit   'detect-libc': [ '2.1.2' ],
1945 silly audit   'https-proxy-agent': [ '7.0.6' ],
1945 silly audit   nopt: [ '8.1.0' ],
1945 silly audit   '@types/estree': [ '1.0.9' ],
1945 silly audit   '@edge-runtime/node-utils': [ '2.3.0' ],
1945 silly audit   '@edge-runtime/primitives': [ '4.1.0' ],
1945 silly audit   '@edge-runtime/vm': [ '3.2.0' ],
1945 silly audit   '@types/node': [ '20.11.0' ],
1945 silly audit   '@vercel/error-utils': [ '2.1.0' ],
1945 silly audit   'edge-runtime': [ '2.5.9' ],
1945 silly audit   etag: [ '1.8.1' ],
1945 silly audit   'mime-types': [ '2.1.35' ],
1945 silly audit   typescript: [ '5.9.3' ],
1945 silly audit   'undici-types': [ '5.26.5' ],
1945 silly audit   '@bytecodealliance/preview2-shim': [ '0.17.6' ],
1945 silly audit   '@renovatebot/pep440': [ '4.2.1' ],
1945 silly audit   'js-yaml': [ '4.1.1' ],
1945 silly audit   minimatch: [ '10.1.1', '10.2.5', '3.1.5' ],
1945 silly audit   '@vercel/gatsby-plugin-vercel-analytics': [ '1.0.11' ],
1945 silly audit   '@vercel/gatsby-plugin-vercel-builder': [ '2.2.10' ],
1945 silly audit   'web-vitals': [ '0.2.4' ],
1945 silly audit   '@sinclair/typebox': [ '0.25.24' ],
1945 silly audit   ajv: [ '8.6.3' ],
1945 silly audit   'json-schema-to-ts': [ '1.6.4' ],
1945 silly audit   'fast-deep-equal': [ '3.1.3' ],
1945 silly audit   'json-schema-traverse': [ '1.0.0' ],
1945 silly audit   'require-from-string': [ '2.0.2' ],
1945 silly audit   'uri-js': [ '4.4.1' ],
1945 silly audit   retry: [ '0.13.1' ],
1945 silly audit   'file-uri-to-path': [ '1.0.0' ],
1945 silly audit   readdirp: [ '4.1.2' ],
1945 silly audit   '@edge-runtime/format': [ '2.2.1' ],
1945 silly audit   '@edge-runtime/ponyfill': [ '2.4.2' ],
1945 silly audit   mri: [ '1.2.0' ],
1945 silly audit   picocolors: [ '1.0.0', '1.1.1' ],
1945 silly audit   'pretty-ms': [ '7.0.1' ],
1945 silly audit   'signal-exit': [ '4.0.2', '3.0.7' ],
1945 silly audit   'time-span': [ '4.0.0' ],
1945 silly audit   '@esbuild/aix-ppc64': [ '0.27.0' ],
1945 silly audit   '@esbuild/android-arm': [ '0.27.0' ],
1945 silly audit   '@esbuild/android-arm64': [ '0.27.0' ],
1945 silly audit   '@esbuild/android-x64': [ '0.27.0' ],
1945 silly audit   '@esbuild/darwin-arm64': [ '0.27.0' ],
1945 silly audit   '@esbuild/darwin-x64': [ '0.27.0' ],
1945 silly audit   '@esbuild/freebsd-arm64': [ '0.27.0' ],
1945 silly audit   '@esbuild/freebsd-x64': [ '0.27.0' ],
1945 silly audit   '@esbuild/linux-arm': [ '0.27.0' ],
1945 silly audit   '@esbuild/linux-arm64': [ '0.27.0' ],
1945 silly audit   '@esbuild/linux-ia32': [ '0.27.0' ],
1945 silly audit   '@esbuild/linux-loong64': [ '0.27.0' ],
1945 silly audit   '@esbuild/linux-mips64el': [ '0.27.0' ],
1945 silly audit   '@esbuild/linux-ppc64': [ '0.27.0' ],
1945 silly audit   '@esbuild/linux-riscv64': [ '0.27.0' ],
1945 silly audit   '@esbuild/linux-s390x': [ '0.27.0' ],
1945 silly audit   '@esbuild/linux-x64': [ '0.27.0' ],
1945 silly audit   '@esbuild/netbsd-arm64': [ '0.27.0' ],
1945 silly audit   '@esbuild/netbsd-x64': [ '0.27.0' ],
1945 silly audit   '@esbuild/openbsd-arm64': [ '0.27.0' ],
1945 silly audit   '@esbuild/openbsd-x64': [ '0.27.0' ],
1945 silly audit   '@esbuild/openharmony-arm64': [ '0.27.0' ],
1945 silly audit   '@esbuild/sunos-x64': [ '0.27.0' ],
1945 silly audit   '@esbuild/win32-arm64': [ '0.27.0' ],
1945 silly audit   '@esbuild/win32-ia32': [ '0.27.0' ],
1945 silly audit   '@esbuild/win32-x64': [ '0.27.0' ],
1945 silly audit   'cross-spawn': [ '7.0.6' ],
1945 silly audit   'get-stream': [ '5.2.0', '6.0.1' ],
1945 silly audit   'human-signals': [ '1.1.1', '2.1.0' ],
1945 silly audit   'is-stream': [ '2.0.1' ],
1945 silly audit   'merge-stream': [ '2.0.0' ],
1945 silly audit   'npm-run-path': [ '4.0.1' ],
1945 silly audit   onetime: [ '5.1.2' ],
1945 silly audit   'p-finally': [ '2.0.1' ],
1945 silly audit   'strip-final-newline': [ '2.0.0' ],
1945 silly audit   'path-key': [ '3.1.1' ],
1945 silly audit   'shebang-command': [ '2.0.0' ],
1945 silly audit   which: [ '2.0.2' ],
1945 silly audit   asynckit: [ '0.4.0' ],
1945 silly audit   'combined-stream': [ '1.0.8' ],
1945 silly audit   'es-set-tostringtag': [ '2.1.0' ],
1945 silly audit   hasown: [ '2.0.4' ],
1945 silly audit   'delayed-stream': [ '1.0.0' ],
1945 silly audit   'es-errors': [ '1.3.0' ],
1945 silly audit   'get-intrinsic': [ '1.3.0' ],
1945 silly audit   'has-tostringtag': [ '1.0.2' ],
1945 silly audit   jsonfile: [ '6.2.1' ],
1945 silly audit   universalify: [ '2.0.1' ],
1945 silly audit   'call-bind-apply-helpers': [ '1.0.2' ],
1945 silly audit   'es-define-property': [ '1.0.1' ],
1945 silly audit   'es-object-atoms': [ '1.1.2' ],
1945 silly audit   'function-bind': [ '1.1.2' ],
1945 silly audit   'get-proto': [ '1.0.1' ],
1945 silly audit   gopd: [ '1.2.0' ],
1945 silly audit   'has-symbols': [ '1.1.0' ],
1945 silly audit   'math-intrinsics': [ '1.1.0' ],
1945 silly audit   'dunder-proto': [ '1.0.1' ],
1945 silly audit   pump: [ '3.0.4' ],
1945 silly audit   minipass: [ '7.1.3' ],
1945 silly audit   'path-scurry': [ '2.0.2' ],
1945 silly audit   'agent-base': [ '7.1.4' ],
1945 silly audit   argparse: [ '2.0.1' ],
1945 silly audit   '@types/json-schema': [ '7.0.15' ],
1945 silly audit   'ts-toolbelt': [ '6.15.5' ],
1945 silly audit   arg: [ '4.1.0' ],
1945 silly audit   'content-type': [ '1.0.4' ],
1945 silly audit   'raw-body': [ '2.4.1' ],
1945 silly audit   'mime-db': [ '1.52.0' ],
1945 silly audit   '@isaacs/brace-expansion': [ '5.0.1' ],
1945 silly audit   '@isaacs/balanced-match': [ '4.0.1' ],
1945 silly audit   'whatwg-url': [ '5.0.0' ],
1945 silly audit   abbrev: [ '3.0.1' ],
1945 silly audit   'mimic-fn': [ '2.1.0' ],
1945 silly audit   '@oxc-transform/binding-android-arm-eabi': [ '0.111.0' ],
1945 silly audit   '@oxc-transform/binding-android-arm64': [ '0.111.0' ],
1945 silly audit   '@oxc-transform/binding-darwin-arm64': [ '0.111.0' ],
1945 silly audit   '@oxc-transform/binding-darwin-x64': [ '0.111.0' ],
1945 silly audit   '@oxc-transform/binding-freebsd-x64': [ '0.111.0' ],
1945 silly audit   '@oxc-transform/binding-linux-arm-gnueabihf': [ '0.111.0' ],
1945 silly audit   '@oxc-transform/binding-linux-arm-musleabihf': [ '0.111.0' ],
1945 silly audit   '@oxc-transform/binding-linux-arm64-gnu': [ '0.111.0' ],
1945 silly audit   '@oxc-transform/binding-linux-arm64-musl': [ '0.111.0' ],
1945 silly audit   '@oxc-transform/binding-linux-ppc64-gnu': [ '0.111.0' ],
1945 silly audit   '@oxc-transform/binding-linux-riscv64-gnu': [ '0.111.0' ],
1945 silly audit   '@oxc-transform/binding-linux-riscv64-musl': [ '0.111.0' ],
1945 silly audit   '@oxc-transform/binding-linux-s390x-gnu': [ '0.111.0' ],
1945 silly audit   '@oxc-transform/binding-linux-x64-gnu': [ '0.111.0' ],
1945 silly audit   '@oxc-transform/binding-linux-x64-musl': [ '0.111.0' ],
1945 silly audit   '@oxc-transform/binding-openharmony-arm64': [ '0.111.0' ],
1945 silly audit   '@oxc-transform/binding-wasm32-wasi': [ '0.111.0' ],
1945 silly audit   '@oxc-transform/binding-win32-arm64-msvc': [ '0.111.0' ],
1945 silly audit   '@oxc-transform/binding-win32-ia32-msvc': [ '0.111.0' ],
1945 silly audit   '@oxc-transform/binding-win32-x64-msvc': [ '0.111.0' ],
1945 silly audit   '@napi-rs/wasm-runtime': [ '1.1.4' ],
1945 silly audit   '@emnapi/core': [ '1.10.0' ],
1945 silly audit   '@emnapi/runtime': [ '1.10.0' ],
1945 silly audit   '@emnapi/wasi-threads': [ '1.2.1' ],
1945 silly audit   tslib: [ '2.8.1' ],
1945 silly audit   '@tybys/wasm-util': [ '0.10.2' ],
1945 silly audit   'lru-cache': [ '11.5.1', '7.18.3', '6.0.0' ],
1945 silly audit   'parse-ms': [ '2.1.0' ],
1945 silly audit   'http-proxy-agent': [ '7.0.2' ],
1945 silly audit   'pac-proxy-agent': [ '7.2.0' ],
1945 silly audit   'proxy-from-env': [ '1.1.0' ],
1945 silly audit   'socks-proxy-agent': [ '8.0.5' ],
1945 silly audit   '@tootallnate/quickjs-emscripten': [ '0.23.0' ],
1945 silly audit   'get-uri': [ '6.0.5' ],
1945 silly audit   'pac-resolver': [ '7.0.1' ],
1945 silly audit   'basic-ftp': [ '5.3.1' ],
1945 silly audit   'data-uri-to-buffer': [ '6.0.2' ],
1945 silly audit   degenerator: [ '5.0.1' ],
1945 silly audit   netmask: [ '2.1.1' ],
1945 silly audit   'ast-types': [ '0.13.4' ],
1945 silly audit   escodegen: [ '2.1.0' ],
1945 silly audit   esprima: [ '4.0.1' ],
1945 silly audit   estraverse: [ '5.3.0' ],
1945 silly audit   esutils: [ '2.0.3' ],
1945 silly audit   'source-map': [ '0.6.1' ],
1945 silly audit   'end-of-stream': [ '1.4.5', '1.1.0' ],
1945 silly audit   once: [ '1.4.0', '1.3.3' ],
1945 silly audit   wrappy: [ '1.0.2' ],
1945 silly audit   bytes: [ '3.1.0' ],
1945 silly audit   'http-errors': [ '1.7.3' ],
1945 silly audit   'iconv-lite': [ '0.4.24' ],
1945 silly audit   unpipe: [ '1.0.0' ],
1945 silly audit   depd: [ '1.1.2' ],
1945 silly audit   inherits: [ '2.0.4' ],
1945 silly audit   setprototypeof: [ '1.1.1' ],
1945 silly audit   statuses: [ '1.5.0' ],
1945 silly audit   toidentifier: [ '1.0.0' ],
1945 silly audit   'safer-buffer': [ '2.1.2' ],
1945 silly audit   '@oxc-project/types': [ '0.110.0' ],
1945 silly audit   '@rolldown/binding-android-arm64': [ '1.0.0-rc.1' ],
1945 silly audit   '@rolldown/binding-darwin-arm64': [ '1.0.0-rc.1' ],
1945 silly audit   '@rolldown/binding-darwin-x64': [ '1.0.0-rc.1' ],
1945 silly audit   '@rolldown/binding-freebsd-x64': [ '1.0.0-rc.1' ],
1945 silly audit   '@rolldown/binding-linux-arm-gnueabihf': [ '1.0.0-rc.1' ],
1945 silly audit   '@rolldown/binding-linux-arm64-gnu': [ '1.0.0-rc.1' ],
1945 silly audit   '@rolldown/binding-linux-arm64-musl': [ '1.0.0-rc.1' ],
1945 silly audit   '@rolldown/binding-linux-x64-gnu': [ '1.0.0-rc.1' ],
1945 silly audit   '@rolldown/binding-linux-x64-musl': [ '1.0.0-rc.1' ],
1945 silly audit   '@rolldown/binding-openharmony-arm64': [ '1.0.0-rc.1' ],
1945 silly audit   '@rolldown/binding-wasm32-wasi': [ '1.0.0-rc.1' ],
1945 silly audit   '@rolldown/binding-win32-arm64-msvc': [ '1.0.0-rc.1' ],
1945 silly audit   '@rolldown/binding-win32-x64-msvc': [ '1.0.0-rc.1' ],
1945 silly audit   '@rolldown/pluginutils': [ '1.0.0-rc.1' ],
1945 silly audit   '@vercel/sandbox': [ '1.9.0' ],
1945 silly audit   '@vercel/oidc': [ '3.2.0' ],
1945 silly audit   jsonlines: [ '0.1.1' ],
1945 silly audit   'tar-stream': [ '3.1.7' ],
1945 silly audit   'shebang-regex': [ '3.0.0' ],
1945 silly audit   socks: [ '2.8.9' ],
1945 silly audit   'ip-address': [ '10.2.0' ],
1945 silly audit   'smart-buffer': [ '4.2.0' ],
1945 silly audit   'cookie-es': [ '2.0.1' ],
1945 silly audit   'any-promise': [ '1.3.0' ],
1945 silly audit   'stream-to-array': [ '2.3.0' ],
1945 silly audit   '@isaacs/fs-minipass': [ '4.0.1' ],
1945 silly audit   chownr: [ '3.0.0' ],
1945 silly audit   minizlib: [ '3.1.0' ],
1945 silly audit   yallist: [ '5.0.0', '4.0.0' ],
1945 silly audit   b4a: [ '1.8.1' ],
1945 silly audit   'fast-fifo': [ '1.3.2' ],
1945 silly audit   streamx: [ '2.26.0' ],
1945 silly audit   'events-universal': [ '1.0.1' ],
1945 silly audit   'text-decoder': [ '1.2.7' ],
1945 silly audit   'bare-events': [ '2.8.3' ],
1945 silly audit   'convert-hrtime': [ '3.0.0' ],
1945 silly audit   '@ts-morph/common': [ '0.11.1' ],
1945 silly audit   'code-block-writer': [ '10.1.1' ],
1945 silly audit   'fast-glob': [ '3.3.3' ],
1945 silly audit   mkdirp: [ '1.0.4' ],
1945 silly audit   'path-browserify': [ '1.0.1' ],
1945 silly audit   '@nodelib/fs.stat': [ '2.0.5' ],
1945 silly audit   '@nodelib/fs.walk': [ '1.2.8' ],
1945 silly audit   'glob-parent': [ '5.1.2' ],
1945 silly audit   merge2: [ '1.4.1' ],
1945 silly audit   micromatch: [ '4.0.8' ],
1945 silly audit   '@nodelib/fs.scandir': [ '2.1.5' ],
1945 silly audit   fastq: [ '1.20.1' ],
1945 silly audit   'run-parallel': [ '1.2.0' ],
1945 silly audit   reusify: [ '1.1.0' ],
1945 silly audit   'is-glob': [ '4.0.3' ],
1945 silly audit   'is-extglob': [ '2.1.1' ],
1945 silly audit   braces: [ '3.0.3' ],
1945 silly audit   'fill-range': [ '7.1.1' ],
1945 silly audit   'to-regex-range': [ '5.0.1' ],
1945 silly audit   'queue-microtask': [ '1.2.3' ],
1945 silly audit   'is-number': [ '7.0.0' ],
1945 silly audit   fsevents: [ '2.3.3' ],
1945 silly audit   'get-tsconfig': [ '4.14.0' ],
1945 silly audit   'resolve-pkg-maps': [ '1.0.0' ],
1945 silly audit   punycode: [ '2.3.1' ],
1945 silly audit   tr46: [ '0.0.3' ],
1945 silly audit   'webidl-conversions': [ '3.0.1' ],
1945 silly audit   isexe: [ '2.0.0' ],
1945 silly audit   'os-paths': [ '4.4.0' ],
1945 silly audit   'xdg-portable': [ '7.3.0' ],
1945 silly audit   yauzl: [ '2.10.0' ],
1945 silly audit   'yauzl-clone': [ '1.0.4' ],
1945 silly audit   'buffer-crc32': [ '0.2.13' ],
1945 silly audit   'fd-slicer': [ '1.1.0' ],
1945 silly audit   pend: [ '1.2.0' ],
1945 silly audit   'events-intercept': [ '2.0.0' ],
1945 silly audit   'brace-expansion': [ '1.1.15', '5.0.6' ],
1945 silly audit   'balanced-match': [ '1.0.2', '4.0.4' ],
1945 silly audit   'concat-map': [ '0.0.1' ],
1945 silly audit   '@fastify/busboy': [ '2.1.1' ]
1945 silly audit }
1946 http cache balanced-match@https://registry.npmjs.org/balanced-match/-/balanced-match-1.0.2.tgz 0ms (cache hit)
1947 http cache @fastify/busboy@https://registry.npmjs.org/@fastify/busboy/-/busboy-2.1.1.tgz 0ms (cache hit)
1948 http cache concat-map@https://registry.npmjs.org/concat-map/-/concat-map-0.0.1.tgz 0ms (cache hit)
1949 http cache events-intercept@https://registry.npmjs.org/events-intercept/-/events-intercept-2.0.0.tgz 0ms (cache hit)
1950 http cache fd-slicer@https://registry.npmjs.org/fd-slicer/-/fd-slicer-1.1.0.tgz 0ms (cache hit)
1951 http cache buffer-crc32@https://registry.npmjs.org/buffer-crc32/-/buffer-crc32-0.2.13.tgz 0ms (cache hit)
1952 http cache brace-expansion@https://registry.npmjs.org/brace-expansion/-/brace-expansion-1.1.15.tgz 0ms (cache hit)
1953 http cache pend@https://registry.npmjs.org/pend/-/pend-1.2.0.tgz 0ms (cache hit)
1954 http cache yauzl-clone@https://registry.npmjs.org/yauzl-clone/-/yauzl-clone-1.0.4.tgz 0ms (cache hit)
1955 http cache yauzl@https://registry.npmjs.org/yauzl/-/yauzl-2.10.0.tgz 0ms (cache hit)
1956 http cache xdg-portable@https://registry.npmjs.org/xdg-portable/-/xdg-portable-7.3.0.tgz 0ms (cache hit)
1957 http cache os-paths@https://registry.npmjs.org/os-paths/-/os-paths-4.4.0.tgz 0ms (cache hit)
1958 http cache isexe@https://registry.npmjs.org/isexe/-/isexe-2.0.0.tgz 0ms (cache hit)
1959 http cache webidl-conversions@https://registry.npmjs.org/webidl-conversions/-/webidl-conversions-3.0.1.tgz 0ms (cache hit)
1960 http cache tr46@https://registry.npmjs.org/tr46/-/tr46-0.0.3.tgz 0ms (cache hit)
1961 http cache punycode@https://registry.npmjs.org/punycode/-/punycode-2.3.1.tgz 0ms (cache hit)
1962 http cache resolve-pkg-maps@https://registry.npmjs.org/resolve-pkg-maps/-/resolve-pkg-maps-1.0.0.tgz 0ms (cache hit)
1963 http cache fsevents@https://registry.npmjs.org/fsevents/-/fsevents-2.3.3.tgz 0ms (cache hit)
1964 http cache get-tsconfig@https://registry.npmjs.org/get-tsconfig/-/get-tsconfig-4.14.0.tgz 0ms (cache hit)
1965 http cache is-number@https://registry.npmjs.org/is-number/-/is-number-7.0.0.tgz 0ms (cache hit)
1966 http cache queue-microtask@https://registry.npmjs.org/queue-microtask/-/queue-microtask-1.2.3.tgz 0ms (cache hit)
1967 http cache to-regex-range@https://registry.npmjs.org/to-regex-range/-/to-regex-range-5.0.1.tgz 0ms (cache hit)
1968 http cache fill-range@https://registry.npmjs.org/fill-range/-/fill-range-7.1.1.tgz 0ms (cache hit)
1969 http cache braces@https://registry.npmjs.org/braces/-/braces-3.0.3.tgz 0ms (cache hit)
1970 http cache is-extglob@https://registry.npmjs.org/is-extglob/-/is-extglob-2.1.1.tgz 0ms (cache hit)
1971 http cache is-glob@https://registry.npmjs.org/is-glob/-/is-glob-4.0.3.tgz 0ms (cache hit)
1972 http cache reusify@https://registry.npmjs.org/reusify/-/reusify-1.1.0.tgz 0ms (cache hit)
1973 http cache run-parallel@https://registry.npmjs.org/run-parallel/-/run-parallel-1.2.0.tgz 0ms (cache hit)
1974 http cache fastq@https://registry.npmjs.org/fastq/-/fastq-1.20.1.tgz 0ms (cache hit)
1975 http cache @nodelib/fs.scandir@https://registry.npmjs.org/@nodelib/fs.scandir/-/fs.scandir-2.1.5.tgz 0ms (cache hit)
1976 http cache micromatch@https://registry.npmjs.org/micromatch/-/micromatch-4.0.8.tgz 0ms (cache hit)
1977 http cache merge2@https://registry.npmjs.org/merge2/-/merge2-1.4.1.tgz 0ms (cache hit)
1978 http cache glob-parent@https://registry.npmjs.org/glob-parent/-/glob-parent-5.1.2.tgz 0ms (cache hit)
1979 http cache @nodelib/fs.walk@https://registry.npmjs.org/@nodelib/fs.walk/-/fs.walk-1.2.8.tgz 0ms (cache hit)
1980 http cache @nodelib/fs.stat@https://registry.npmjs.org/@nodelib/fs.stat/-/fs.stat-2.0.5.tgz 0ms (cache hit)
1981 http cache path-browserify@https://registry.npmjs.org/path-browserify/-/path-browserify-1.0.1.tgz 0ms (cache hit)
1982 http cache mkdirp@https://registry.npmjs.org/mkdirp/-/mkdirp-1.0.4.tgz 0ms (cache hit)
1983 http cache fast-glob@https://registry.npmjs.org/fast-glob/-/fast-glob-3.3.3.tgz 0ms (cache hit)
1984 http cache code-block-writer@https://registry.npmjs.org/code-block-writer/-/code-block-writer-10.1.1.tgz 0ms (cache hit)
1985 http cache convert-hrtime@https://registry.npmjs.org/convert-hrtime/-/convert-hrtime-3.0.0.tgz 0ms (cache hit)
1986 http cache bare-events@https://registry.npmjs.org/bare-events/-/bare-events-2.8.3.tgz 0ms (cache hit)
1987 http cache @ts-morph/common@https://registry.npmjs.org/@ts-morph/common/-/common-0.11.1.tgz 0ms (cache hit)
1988 http cache text-decoder@https://registry.npmjs.org/text-decoder/-/text-decoder-1.2.7.tgz 0ms (cache hit)
1989 http cache events-universal@https://registry.npmjs.org/events-universal/-/events-universal-1.0.1.tgz 0ms (cache hit)
1990 http cache fast-fifo@https://registry.npmjs.org/fast-fifo/-/fast-fifo-1.3.2.tgz 0ms (cache hit)
1991 http cache streamx@https://registry.npmjs.org/streamx/-/streamx-2.26.0.tgz 0ms (cache hit)
1992 http cache b4a@https://registry.npmjs.org/b4a/-/b4a-1.8.1.tgz 0ms (cache hit)
1993 http cache yallist@https://registry.npmjs.org/yallist/-/yallist-5.0.0.tgz 0ms (cache hit)
1994 http cache minizlib@https://registry.npmjs.org/minizlib/-/minizlib-3.1.0.tgz 0ms (cache hit)
1995 http cache @isaacs/fs-minipass@https://registry.npmjs.org/@isaacs/fs-minipass/-/fs-minipass-4.0.1.tgz 0ms (cache hit)
1996 http cache any-promise@https://registry.npmjs.org/any-promise/-/any-promise-1.3.0.tgz 0ms (cache hit)
1997 http cache chownr@https://registry.npmjs.org/chownr/-/chownr-3.0.0.tgz 0ms (cache hit)
1998 http cache stream-to-array@https://registry.npmjs.org/stream-to-array/-/stream-to-array-2.3.0.tgz 0ms (cache hit)
1999 http cache cookie-es@https://registry.npmjs.org/cookie-es/-/cookie-es-2.0.1.tgz 0ms (cache hit)
2000 http cache smart-buffer@https://registry.npmjs.org/smart-buffer/-/smart-buffer-4.2.0.tgz 0ms (cache hit)
2001 http cache socks@https://registry.npmjs.org/socks/-/socks-2.8.9.tgz 0ms (cache hit)
2002 http cache shebang-regex@https://registry.npmjs.org/shebang-regex/-/shebang-regex-3.0.0.tgz 0ms (cache hit)
2003 http cache ip-address@https://registry.npmjs.org/ip-address/-/ip-address-10.2.0.tgz 0ms (cache hit)
2004 http cache tar-stream@https://registry.npmjs.org/tar-stream/-/tar-stream-3.1.7.tgz 0ms (cache hit)
2005 http cache jsonlines@https://registry.npmjs.org/jsonlines/-/jsonlines-0.1.1.tgz 0ms (cache hit)
2006 http cache @vercel/sandbox@https://registry.npmjs.org/@vercel/sandbox/-/sandbox-1.9.0.tgz 0ms (cache hit)
2007 http cache @rolldown/pluginutils@https://registry.npmjs.org/@rolldown/pluginutils/-/pluginutils-1.0.0-rc.1.tgz 0ms (cache hit)
2008 http cache @vercel/oidc@https://registry.npmjs.org/@vercel/oidc/-/oidc-3.2.0.tgz 0ms (cache hit)
2009 http cache @rolldown/binding-darwin-arm64@https://registry.npmjs.org/@rolldown/binding-darwin-arm64/-/binding-darwin-arm64-1.0.0-rc.1.tgz 0ms (cache hit)
2010 http cache @oxc-project/types@https://registry.npmjs.org/@oxc-project/types/-/types-0.110.0.tgz 0ms (cache hit)
2011 http cache toidentifier@https://registry.npmjs.org/toidentifier/-/toidentifier-1.0.0.tgz 0ms (cache hit)
2012 http cache statuses@https://registry.npmjs.org/statuses/-/statuses-1.5.0.tgz 0ms (cache hit)
2013 http cache safer-buffer@https://registry.npmjs.org/safer-buffer/-/safer-buffer-2.1.2.tgz 0ms (cache hit)
2014 http cache setprototypeof@https://registry.npmjs.org/setprototypeof/-/setprototypeof-1.1.1.tgz 0ms (cache hit)
2015 http cache inherits@https://registry.npmjs.org/inherits/-/inherits-2.0.4.tgz 0ms (cache hit)
2016 http cache depd@https://registry.npmjs.org/depd/-/depd-1.1.2.tgz 0ms (cache hit)
2017 http cache iconv-lite@https://registry.npmjs.org/iconv-lite/-/iconv-lite-0.4.24.tgz 0ms (cache hit)
2018 http cache http-errors@https://registry.npmjs.org/http-errors/-/http-errors-1.7.3.tgz 0ms (cache hit)
2019 http cache bytes@https://registry.npmjs.org/bytes/-/bytes-3.1.0.tgz 0ms (cache hit)
2020 http cache wrappy@https://registry.npmjs.org/wrappy/-/wrappy-1.0.2.tgz 0ms (cache hit)
2021 http cache once@https://registry.npmjs.org/once/-/once-1.4.0.tgz 0ms (cache hit)
2022 http cache end-of-stream@https://registry.npmjs.org/end-of-stream/-/end-of-stream-1.4.5.tgz 0ms (cache hit)
2023 http cache source-map@https://registry.npmjs.org/source-map/-/source-map-0.6.1.tgz 0ms (cache hit)
2024 http cache esutils@https://registry.npmjs.org/esutils/-/esutils-2.0.3.tgz 0ms (cache hit)
2025 http cache estraverse@https://registry.npmjs.org/estraverse/-/estraverse-5.3.0.tgz 0ms (cache hit)
2026 http cache unpipe@https://registry.npmjs.org/unpipe/-/unpipe-1.0.0.tgz 0ms (cache hit)
2027 http cache escodegen@https://registry.npmjs.org/escodegen/-/escodegen-2.1.0.tgz 0ms (cache hit)
2028 http cache ast-types@https://registry.npmjs.org/ast-types/-/ast-types-0.13.4.tgz 0ms (cache hit)
2029 http cache esprima@https://registry.npmjs.org/esprima/-/esprima-4.0.1.tgz 0ms (cache hit)
2030 http cache degenerator@https://registry.npmjs.org/degenerator/-/degenerator-5.0.1.tgz 0ms (cache hit)
2031 http cache netmask@https://registry.npmjs.org/netmask/-/netmask-2.1.1.tgz 0ms (cache hit)
2032 http cache data-uri-to-buffer@https://registry.npmjs.org/data-uri-to-buffer/-/data-uri-to-buffer-6.0.2.tgz 0ms (cache hit)
2033 http cache pac-resolver@https://registry.npmjs.org/pac-resolver/-/pac-resolver-7.0.1.tgz 0ms (cache hit)
2034 http cache basic-ftp@https://registry.npmjs.org/basic-ftp/-/basic-ftp-5.3.1.tgz 0ms (cache hit)
2035 http cache get-uri@https://registry.npmjs.org/get-uri/-/get-uri-6.0.5.tgz 0ms (cache hit)
2036 http cache @tootallnate/quickjs-emscripten@https://registry.npmjs.org/@tootallnate/quickjs-emscripten/-/quickjs-emscripten-0.23.0.tgz 0ms (cache hit)
2037 http cache socks-proxy-agent@https://registry.npmjs.org/socks-proxy-agent/-/socks-proxy-agent-8.0.5.tgz 0ms (cache hit)
2038 http cache proxy-from-env@https://registry.npmjs.org/proxy-from-env/-/proxy-from-env-1.1.0.tgz 0ms (cache hit)
2039 http cache pac-proxy-agent@https://registry.npmjs.org/pac-proxy-agent/-/pac-proxy-agent-7.2.0.tgz 0ms (cache hit)
2040 http cache http-proxy-agent@https://registry.npmjs.org/http-proxy-agent/-/http-proxy-agent-7.0.2.tgz 0ms (cache hit)
2041 http cache parse-ms@https://registry.npmjs.org/parse-ms/-/parse-ms-2.1.0.tgz 0ms (cache hit)
2042 http cache lru-cache@https://registry.npmjs.org/lru-cache/-/lru-cache-11.5.1.tgz 0ms (cache hit)
2043 http cache tslib@https://registry.npmjs.org/tslib/-/tslib-2.8.1.tgz 0ms (cache hit)
2044 http cache @tybys/wasm-util@https://registry.npmjs.org/@tybys/wasm-util/-/wasm-util-0.10.2.tgz 0ms (cache hit)
2045 http cache @emnapi/wasi-threads@https://registry.npmjs.org/@emnapi/wasi-threads/-/wasi-threads-1.2.1.tgz 0ms (cache hit)
2046 http cache @emnapi/core@https://registry.npmjs.org/@emnapi/core/-/core-1.10.0.tgz 0ms (cache hit)
2047 http cache @emnapi/runtime@https://registry.npmjs.org/@emnapi/runtime/-/runtime-1.10.0.tgz 0ms (cache hit)
2048 http cache @napi-rs/wasm-runtime@https://registry.npmjs.org/@napi-rs/wasm-runtime/-/wasm-runtime-1.1.4.tgz 0ms (cache hit)
2049 http cache @oxc-transform/binding-darwin-arm64@https://registry.npmjs.org/@oxc-transform/binding-darwin-arm64/-/binding-darwin-arm64-0.111.0.tgz 0ms (cache hit)
2050 http cache abbrev@https://registry.npmjs.org/abbrev/-/abbrev-3.0.1.tgz 0ms (cache hit)
2051 http cache mimic-fn@https://registry.npmjs.org/mimic-fn/-/mimic-fn-2.1.0.tgz 0ms (cache hit)
2052 http cache whatwg-url@https://registry.npmjs.org/whatwg-url/-/whatwg-url-5.0.0.tgz 0ms (cache hit)
2053 http cache @isaacs/balanced-match@https://registry.npmjs.org/@isaacs/balanced-match/-/balanced-match-4.0.1.tgz 0ms (cache hit)
2054 http cache @isaacs/brace-expansion@https://registry.npmjs.org/@isaacs/brace-expansion/-/brace-expansion-5.0.1.tgz 0ms (cache hit)
2055 http cache content-type@https://registry.npmjs.org/content-type/-/content-type-1.0.4.tgz 0ms (cache hit)
2056 http cache mime-db@https://registry.npmjs.org/mime-db/-/mime-db-1.52.0.tgz 0ms (cache hit)
2057 http cache arg@https://registry.npmjs.org/arg/-/arg-4.1.0.tgz 0ms (cache hit)
2058 http cache ts-toolbelt@https://registry.npmjs.org/ts-toolbelt/-/ts-toolbelt-6.15.5.tgz 0ms (cache hit)
2059 http cache raw-body@https://registry.npmjs.org/raw-body/-/raw-body-2.4.1.tgz 0ms (cache hit)
2060 http cache @types/json-schema@https://registry.npmjs.org/@types/json-schema/-/json-schema-7.0.15.tgz 0ms (cache hit)
2061 http cache argparse@https://registry.npmjs.org/argparse/-/argparse-2.0.1.tgz 0ms (cache hit)
2062 http cache agent-base@https://registry.npmjs.org/agent-base/-/agent-base-7.1.4.tgz 0ms (cache hit)
2063 http cache path-scurry@https://registry.npmjs.org/path-scurry/-/path-scurry-2.0.2.tgz 0ms (cache hit)
2064 http cache pump@https://registry.npmjs.org/pump/-/pump-3.0.4.tgz 0ms (cache hit)
2065 http cache math-intrinsics@https://registry.npmjs.org/math-intrinsics/-/math-intrinsics-1.1.0.tgz 0ms (cache hit)
2066 http cache minipass@https://registry.npmjs.org/minipass/-/minipass-7.1.3.tgz 0ms (cache hit)
2067 http cache has-symbols@https://registry.npmjs.org/has-symbols/-/has-symbols-1.1.0.tgz 0ms (cache hit)
2068 http cache gopd@https://registry.npmjs.org/gopd/-/gopd-1.2.0.tgz 0ms (cache hit)
2069 http cache get-proto@https://registry.npmjs.org/get-proto/-/get-proto-1.0.1.tgz 0ms (cache hit)
2070 http cache es-object-atoms@https://registry.npmjs.org/es-object-atoms/-/es-object-atoms-1.1.2.tgz 0ms (cache hit)
2071 http cache dunder-proto@https://registry.npmjs.org/dunder-proto/-/dunder-proto-1.0.1.tgz 0ms (cache hit)
2072 http cache es-define-property@https://registry.npmjs.org/es-define-property/-/es-define-property-1.0.1.tgz 0ms (cache hit)
2073 http cache call-bind-apply-helpers@https://registry.npmjs.org/call-bind-apply-helpers/-/call-bind-apply-helpers-1.0.2.tgz 0ms (cache hit)
2074 http cache universalify@https://registry.npmjs.org/universalify/-/universalify-2.0.1.tgz 0ms (cache hit)
2075 http cache get-intrinsic@https://registry.npmjs.org/get-intrinsic/-/get-intrinsic-1.3.0.tgz 0ms (cache hit)
2076 http cache es-errors@https://registry.npmjs.org/es-errors/-/es-errors-1.3.0.tgz 0ms (cache hit)
2077 http cache has-tostringtag@https://registry.npmjs.org/has-tostringtag/-/has-tostringtag-1.0.2.tgz 0ms (cache hit)
2078 http cache delayed-stream@https://registry.npmjs.org/delayed-stream/-/delayed-stream-1.0.0.tgz 0ms (cache hit)
2079 http cache jsonfile@https://registry.npmjs.org/jsonfile/-/jsonfile-6.2.1.tgz 0ms (cache hit)
2080 http cache hasown@https://registry.npmjs.org/hasown/-/hasown-2.0.4.tgz 0ms (cache hit)
2081 http cache function-bind@https://registry.npmjs.org/function-bind/-/function-bind-1.1.2.tgz 0ms (cache hit)
2082 http cache combined-stream@https://registry.npmjs.org/combined-stream/-/combined-stream-1.0.8.tgz 0ms (cache hit)
2083 http cache asynckit@https://registry.npmjs.org/asynckit/-/asynckit-0.4.0.tgz 0ms (cache hit)
2084 http cache es-set-tostringtag@https://registry.npmjs.org/es-set-tostringtag/-/es-set-tostringtag-2.1.0.tgz 0ms (cache hit)
2085 http cache which@https://registry.npmjs.org/which/-/which-2.0.2.tgz 0ms (cache hit)
2086 http cache path-key@https://registry.npmjs.org/path-key/-/path-key-3.1.1.tgz 0ms (cache hit)
2087 http cache p-finally@https://registry.npmjs.org/p-finally/-/p-finally-2.0.1.tgz 0ms (cache hit)
2088 http cache strip-final-newline@https://registry.npmjs.org/strip-final-newline/-/strip-final-newline-2.0.0.tgz 0ms (cache hit)
2089 http cache onetime@https://registry.npmjs.org/onetime/-/onetime-5.1.2.tgz 0ms (cache hit)
2090 http cache is-stream@https://registry.npmjs.org/is-stream/-/is-stream-2.0.1.tgz 0ms (cache hit)
2091 http cache npm-run-path@https://registry.npmjs.org/npm-run-path/-/npm-run-path-4.0.1.tgz 0ms (cache hit)
2092 http cache get-stream@https://registry.npmjs.org/get-stream/-/get-stream-5.2.0.tgz 0ms (cache hit)
2093 http cache merge-stream@https://registry.npmjs.org/merge-stream/-/merge-stream-2.0.0.tgz 0ms (cache hit)
2094 http cache cross-spawn@https://registry.npmjs.org/cross-spawn/-/cross-spawn-7.0.6.tgz 0ms (cache hit)
2095 http cache time-span@https://registry.npmjs.org/time-span/-/time-span-4.0.0.tgz 0ms (cache hit)
2096 http cache @esbuild/darwin-arm64@https://registry.npmjs.org/@esbuild/darwin-arm64/-/darwin-arm64-0.27.0.tgz 0ms (cache hit)
2097 http cache signal-exit@https://registry.npmjs.org/signal-exit/-/signal-exit-4.0.2.tgz 0ms (cache hit)
2098 http cache pretty-ms@https://registry.npmjs.org/pretty-ms/-/pretty-ms-7.0.1.tgz 0ms (cache hit)
2099 http cache picocolors@https://registry.npmjs.org/picocolors/-/picocolors-1.0.0.tgz 0ms (cache hit)
2100 http cache mri@https://registry.npmjs.org/mri/-/mri-1.2.0.tgz 0ms (cache hit)
2101 http cache shebang-command@https://registry.npmjs.org/shebang-command/-/shebang-command-2.0.0.tgz 0ms (cache hit)
2102 http cache @edge-runtime/format@https://registry.npmjs.org/@edge-runtime/format/-/format-2.2.1.tgz 0ms (cache hit)
2103 http cache readdirp@https://registry.npmjs.org/readdirp/-/readdirp-4.1.2.tgz 0ms (cache hit)
2104 http cache @edge-runtime/ponyfill@https://registry.npmjs.org/@edge-runtime/ponyfill/-/ponyfill-2.4.2.tgz 0ms (cache hit)
2105 http cache file-uri-to-path@https://registry.npmjs.org/file-uri-to-path/-/file-uri-to-path-1.0.0.tgz 0ms (cache hit)
2106 http cache uri-js@https://registry.npmjs.org/uri-js/-/uri-js-4.4.1.tgz 0ms (cache hit)
2107 http cache human-signals@https://registry.npmjs.org/human-signals/-/human-signals-1.1.1.tgz 0ms (cache hit)
2108 http cache retry@https://registry.npmjs.org/retry/-/retry-0.13.1.tgz 0ms (cache hit)
2109 http cache json-schema-traverse@https://registry.npmjs.org/json-schema-traverse/-/json-schema-traverse-1.0.0.tgz 0ms (cache hit)
2110 http cache require-from-string@https://registry.npmjs.org/require-from-string/-/require-from-string-2.0.2.tgz 0ms (cache hit)
2111 http cache fast-deep-equal@https://registry.npmjs.org/fast-deep-equal/-/fast-deep-equal-3.1.3.tgz 0ms (cache hit)
2112 http cache ajv@https://registry.npmjs.org/ajv/-/ajv-8.6.3.tgz 0ms (cache hit)
2113 http cache json-schema-to-ts@https://registry.npmjs.org/json-schema-to-ts/-/json-schema-to-ts-1.6.4.tgz 0ms (cache hit)
2114 http cache @sinclair/typebox@https://registry.npmjs.org/@sinclair/typebox/-/typebox-0.25.24.tgz 0ms (cache hit)
2115 http cache web-vitals@https://registry.npmjs.org/web-vitals/-/web-vitals-0.2.4.tgz 0ms (cache hit)
2116 http cache minimatch@https://registry.npmjs.org/minimatch/-/minimatch-10.1.1.tgz 0ms (cache hit)
2117 http cache @vercel/gatsby-plugin-vercel-builder@https://registry.npmjs.org/@vercel/gatsby-plugin-vercel-builder/-/gatsby-plugin-vercel-builder-2.2.10.tgz 0ms (cache hit)
2118 http cache @vercel/gatsby-plugin-vercel-analytics@https://registry.npmjs.org/@vercel/gatsby-plugin-vercel-analytics/-/gatsby-plugin-vercel-analytics-1.0.11.tgz 0ms (cache hit)
2119 http cache @renovatebot/pep440@https://registry.npmjs.org/@renovatebot/pep440/-/pep440-4.2.1.tgz 0ms (cache hit)
2120 http cache undici-types@https://registry.npmjs.org/undici-types/-/undici-types-5.26.5.tgz 0ms (cache hit)
2121 http cache js-yaml@https://registry.npmjs.org/js-yaml/-/js-yaml-4.1.1.tgz 0ms (cache hit)
2122 http cache typescript@https://registry.npmjs.org/typescript/-/typescript-5.9.3.tgz 0ms (cache hit)
2123 http cache path-to-regexp-updated@https://registry.npmjs.org/path-to-regexp/-/path-to-regexp-6.3.0.tgz 0ms (cache hit)
2124 http cache etag@https://registry.npmjs.org/etag/-/etag-1.8.1.tgz 0ms (cache hit)
2125 http cache mime-types@https://registry.npmjs.org/mime-types/-/mime-types-2.1.35.tgz 0ms (cache hit)
2126 http cache @bytecodealliance/preview2-shim@https://registry.npmjs.org/@bytecodealliance/preview2-shim/-/preview2-shim-0.17.6.tgz 0ms (cache hit)
2127 http cache edge-runtime@https://registry.npmjs.org/edge-runtime/-/edge-runtime-2.5.9.tgz 0ms (cache hit)
2128 http cache @vercel/error-utils@https://registry.npmjs.org/@vercel/error-utils/-/error-utils-2.1.0.tgz 0ms (cache hit)
2129 http cache @edge-runtime/vm@https://registry.npmjs.org/@edge-runtime/vm/-/vm-3.2.0.tgz 0ms (cache hit)
2130 http cache @edge-runtime/primitives@https://registry.npmjs.org/@edge-runtime/primitives/-/primitives-4.1.0.tgz 0ms (cache hit)
2131 http cache @types/node@https://registry.npmjs.org/@types/node/-/node-20.11.0.tgz 0ms (cache hit)
2132 http cache https-proxy-agent@https://registry.npmjs.org/https-proxy-agent/-/https-proxy-agent-7.0.6.tgz 0ms (cache hit)
2133 http cache detect-libc@https://registry.npmjs.org/detect-libc/-/detect-libc-2.1.2.tgz 0ms (cache hit)
2134 http cache resolve-from@https://registry.npmjs.org/resolve-from/-/resolve-from-5.0.0.tgz 0ms (cache hit)
2135 http cache nopt@https://registry.npmjs.org/nopt/-/nopt-8.1.0.tgz 0ms (cache hit)
2136 http cache node-gyp-build@https://registry.npmjs.org/node-gyp-build/-/node-gyp-build-4.8.4.tgz 0ms (cache hit)
2137 http cache consola@https://registry.npmjs.org/consola/-/consola-3.4.2.tgz 0ms (cache hit)
2138 http cache picomatch@https://registry.npmjs.org/picomatch/-/picomatch-4.0.4.tgz 0ms (cache hit)
2139 http cache graceful-fs@https://registry.npmjs.org/graceful-fs/-/graceful-fs-4.2.11.tgz 0ms (cache hit)
2140 http cache @types/estree@https://registry.npmjs.org/@types/estree/-/estree-1.0.9.tgz 0ms (cache hit)
2141 http cache estree-walker@https://registry.npmjs.org/estree-walker/-/estree-walker-2.0.2.tgz 0ms (cache hit)
2142 http cache glob@https://registry.npmjs.org/glob/-/glob-13.0.6.tgz 0ms (cache hit)
2143 http cache bindings@https://registry.npmjs.org/bindings/-/bindings-1.5.0.tgz 0ms (cache hit)
2144 http cache async-sema@https://registry.npmjs.org/async-sema/-/async-sema-3.1.1.tgz 0ms (cache hit)
2145 http cache acorn-import-attributes@https://registry.npmjs.org/acorn-import-attributes/-/acorn-import-attributes-1.9.5.tgz 0ms (cache hit)
2146 http cache acorn@https://registry.npmjs.org/acorn/-/acorn-8.16.0.tgz 0ms (cache hit)
2147 http cache @edge-runtime/node-utils@https://registry.npmjs.org/@edge-runtime/node-utils/-/node-utils-2.3.0.tgz 0ms (cache hit)
2148 http cache yauzl-promise@https://registry.npmjs.org/yauzl-promise/-/yauzl-promise-2.1.3.tgz 0ms (cache hit)
2149 http cache @mapbox/node-pre-gyp@https://registry.npmjs.org/@mapbox/node-pre-gyp/-/node-pre-gyp-2.0.3.tgz 0ms (cache hit)
2150 http cache tree-kill@https://registry.npmjs.org/tree-kill/-/tree-kill-1.2.2.tgz 0ms (cache hit)
2151 http cache uid-promise@https://registry.npmjs.org/uid-promise/-/uid-promise-1.0.0.tgz 0ms (cache hit)
2152 http cache @rollup/pluginutils@https://registry.npmjs.org/@rollup/pluginutils/-/pluginutils-5.4.0.tgz 0ms (cache hit)
2153 http cache tar@https://registry.npmjs.org/tar/-/tar-7.5.7.tgz 0ms (cache hit)
2154 http cache tinyexec@https://registry.npmjs.org/tinyexec/-/tinyexec-0.3.2.tgz 0ms (cache hit)
2155 http cache promisepipe@https://registry.npmjs.org/promisepipe/-/promisepipe-3.0.0.tgz 0ms (cache hit)
2156 http cache stream-to-promise@https://registry.npmjs.org/stream-to-promise/-/stream-to-promise-2.2.0.tgz 0ms (cache hit)
2157 http cache stat-mode@https://registry.npmjs.org/stat-mode/-/stat-mode-0.3.0.tgz 0ms (cache hit)
2158 http cache semver@https://registry.npmjs.org/semver/-/semver-7.5.4.tgz 0ms (cache hit)
2159 http cache generic-pool@https://registry.npmjs.org/generic-pool/-/generic-pool-3.4.2.tgz 0ms (cache hit)
2160 http cache ms@https://registry.npmjs.org/ms/-/ms-2.1.1.tgz 0ms (cache hit)
2161 http cache node-fetch@https://registry.npmjs.org/node-fetch/-/node-fetch-2.6.7.tgz 0ms (cache hit)
2162 http cache micro@https://registry.npmjs.org/micro/-/micro-9.3.5-canary.3.tgz 0ms (cache hit)
2163 http cache async-listen@https://registry.npmjs.org/async-listen/-/async-listen-1.2.0.tgz 0ms (cache hit)
2164 http cache debug@https://registry.npmjs.org/debug/-/debug-4.3.4.tgz 0ms (cache hit)
2165 http cache ts-morph@https://registry.npmjs.org/ts-morph/-/ts-morph-12.0.0.tgz 0ms (cache hit)
2166 http cache @vercel/cervel@https://registry.npmjs.org/@vercel/cervel/-/cervel-0.1.11.tgz 0ms (cache hit)
2167 http cache @vercel/static-config@https://registry.npmjs.org/@vercel/static-config/-/static-config-3.4.0.tgz 0ms (cache hit)
2168 http cache @tootallnate/once@https://registry.npmjs.org/@tootallnate/once/-/once-2.0.0.tgz 0ms (cache hit)
2169 http cache xdg-app-paths@https://registry.npmjs.org/xdg-app-paths/-/xdg-app-paths-5.5.1.tgz 0ms (cache hit)
2170 http cache cjs-module-lexer@https://registry.npmjs.org/cjs-module-lexer/-/cjs-module-lexer-1.2.3.tgz 0ms (cache hit)
2171 http cache es-module-lexer@https://registry.npmjs.org/es-module-lexer/-/es-module-lexer-1.5.0.tgz 0ms (cache hit)
2172 http cache @vercel/python-analysis@https://registry.npmjs.org/@vercel/python-analysis/-/python-analysis-0.11.1.tgz 0ms (cache hit)
2173 http cache undici@https://registry.npmjs.org/undici/-/undici-6.26.0.tgz 0ms (cache hit)
2174 http cache throttleit@https://registry.npmjs.org/throttleit/-/throttleit-2.1.0.tgz 0ms (cache hit)
2175 http cache is-node-process@https://registry.npmjs.org/is-node-process/-/is-node-process-1.2.0.tgz 0ms (cache hit)
2176 http cache is-buffer@https://registry.npmjs.org/is-buffer/-/is-buffer-2.0.5.tgz 0ms (cache hit)
2177 http cache tsx@https://registry.npmjs.org/tsx/-/tsx-4.21.0.tgz 0ms (cache hit)
2178 http cache async-retry@https://registry.npmjs.org/async-retry/-/async-retry-1.3.3.tgz 0ms (cache hit)
2179 http cache srvx@https://registry.npmjs.org/srvx/-/srvx-0.8.9.tgz 0ms (cache hit)
2180 http cache rolldown@https://registry.npmjs.org/rolldown/-/rolldown-1.0.0-rc.1.tgz 0ms (cache hit)
2181 http cache resolve.exports@https://registry.npmjs.org/resolve.exports/-/resolve.exports-2.0.3.tgz 0ms (cache hit)
2182 http cache oxc-transform@https://registry.npmjs.org/oxc-transform/-/oxc-transform-0.111.0.tgz 1ms (cache hit)
2183 http cache path-to-regexp@https://registry.npmjs.org/path-to-regexp/-/path-to-regexp-8.3.0.tgz 0ms (cache hit)
2184 http cache get-port@https://registry.npmjs.org/get-port/-/get-port-5.1.1.tgz 0ms (cache hit)
2185 http cache fs-extra@https://registry.npmjs.org/fs-extra/-/fs-extra-11.1.0.tgz 0ms (cache hit)
2186 http cache @vercel/nft@https://registry.npmjs.org/@vercel/nft/-/nft-1.10.0.tgz 0ms (cache hit)
2187 http cache execa@https://registry.npmjs.org/execa/-/execa-3.2.0.tgz 0ms (cache hit)
2188 http cache smol-toml@https://registry.npmjs.org/smol-toml/-/smol-toml-1.5.2.tgz 0ms (cache hit)
2189 http cache sandbox@https://registry.npmjs.org/sandbox/-/sandbox-2.5.6.tgz 0ms (cache hit)
2190 http cache proxy-agent@https://registry.npmjs.org/proxy-agent/-/proxy-agent-6.4.0.tgz 0ms (cache hit)
2191 http cache zod@https://registry.npmjs.org/zod/-/zod-4.1.11.tgz 0ms (cache hit)
2192 http cache luxon@https://registry.npmjs.org/luxon/-/luxon-3.7.2.tgz 0ms (cache hit)
2193 http cache jose@https://registry.npmjs.org/jose/-/jose-5.9.6.tgz 0ms (cache hit)
2194 http cache esbuild@https://registry.npmjs.org/esbuild/-/esbuild-0.27.0.tgz 0ms (cache hit)
2195 http cache chokidar@https://registry.npmjs.org/chokidar/-/chokidar-4.0.0.tgz 0ms (cache hit)
2196 http cache form-data@https://registry.npmjs.org/form-data/-/form-data-4.0.5.tgz 0ms (cache hit)
2197 http cache @vercel/static-build@https://registry.npmjs.org/@vercel/static-build/-/static-build-2.9.33.tgz 0ms (cache hit)
2198 http cache @vercel/rust@https://registry.npmjs.org/@vercel/rust/-/rust-1.3.0.tgz 0ms (cache hit)
2199 http cache @vercel/ruby@https://registry.npmjs.org/@vercel/ruby/-/ruby-2.4.0.tgz 0ms (cache hit)
2200 http cache @vercel/python@https://registry.npmjs.org/@vercel/python/-/python-6.44.0.tgz 0ms (cache hit)
2201 http cache @vercel/redwood@https://registry.npmjs.org/@vercel/redwood/-/redwood-2.4.15.tgz 0ms (cache hit)
2202 http cache @vercel/prepare-flags-definitions@https://registry.npmjs.org/@vercel/prepare-flags-definitions/-/prepare-flags-definitions-0.2.1.tgz 0ms (cache hit)
2203 http cache @vercel/remix-builder@https://registry.npmjs.org/@vercel/remix-builder/-/remix-builder-5.8.4.tgz 0ms (cache hit)
2204 http cache @vercel/node@https://registry.npmjs.org/@vercel/node/-/node-5.8.8.tgz 0ms (cache hit)
2205 http cache @vercel/next@https://registry.npmjs.org/@vercel/next/-/next-4.17.5.tgz 0ms (cache hit)
2206 http cache @vercel/hydrogen@https://registry.npmjs.org/@vercel/hydrogen/-/hydrogen-1.3.8.tgz 0ms (cache hit)
2207 http cache @vercel/nestjs@https://registry.npmjs.org/@vercel/nestjs/-/nestjs-0.2.88.tgz 0ms (cache hit)
2208 http cache @vercel/hono@https://registry.npmjs.org/@vercel/hono/-/hono-0.2.87.tgz 0ms (cache hit)
2209 http cache @vercel/koa@https://registry.npmjs.org/@vercel/koa/-/koa-0.1.67.tgz 0ms (cache hit)
2210 http cache @vercel/h3@https://registry.npmjs.org/@vercel/h3/-/h3-0.1.93.tgz 0ms (cache hit)
2211 http cache @vercel/go@https://registry.npmjs.org/@vercel/go/-/go-3.8.0.tgz 0ms (cache hit)
2212 http cache @vercel/fun@https://registry.npmjs.org/@vercel/fun/-/fun-1.3.0.tgz 0ms (cache hit)
2213 http cache @vercel/fastify@https://registry.npmjs.org/@vercel/fastify/-/fastify-0.1.87.tgz 0ms (cache hit)
2214 http cache @vercel/express@https://registry.npmjs.org/@vercel/express/-/express-0.1.94.tgz 1ms (cache hit)
2215 http cache @vercel/cli-config@https://registry.npmjs.org/@vercel/cli-config/-/cli-config-0.1.2.tgz 0ms (cache hit)
2216 http cache @vercel/build-utils@https://registry.npmjs.org/@vercel/build-utils/-/build-utils-13.26.4.tgz 0ms (cache hit)
2217 http cache @vercel/blob@https://registry.npmjs.org/@vercel/blob/-/blob-2.4.0.tgz 0ms (cache hit)
2218 http cache @vercel/elysia@https://registry.npmjs.org/@vercel/elysia/-/elysia-0.1.84.tgz 0ms (cache hit)
2219 http cache vercel@https://registry.npmjs.org/vercel/-/vercel-54.6.1.tgz 0ms (cache hit)
2220 http cache @vercel/backends@https://registry.npmjs.org/@vercel/backends/-/backends-0.8.3.tgz 0ms (cache hit)
2221 http cache picomatch@https://registry.npmjs.org/picomatch/-/picomatch-2.3.2.tgz 0ms (cache hit)
2222 http cache @vercel/detect-agent@https://registry.npmjs.org/@vercel/detect-agent/-/detect-agent-1.2.3.tgz 0ms (cache hit)
2223 http cache minimatch@https://registry.npmjs.org/minimatch/-/minimatch-3.1.5.tgz 0ms (cache hit)
2224 http cache zod@https://registry.npmjs.org/zod/-/zod-3.24.4.tgz 0ms (cache hit)
2225 http cache xdg-app-paths@https://registry.npmjs.org/xdg-app-paths/-/xdg-app-paths-5.1.0.tgz 0ms (cache hit)
2226 http cache picocolors@https://registry.npmjs.org/picocolors/-/picocolors-1.1.1.tgz 0ms (cache hit)
2227 http cache undici@https://registry.npmjs.org/undici/-/undici-7.26.0.tgz 0ms (cache hit)
2228 http cache ms@https://registry.npmjs.org/ms/-/ms-2.1.3.tgz 0ms (cache hit)
2229 http cache async-listen@https://registry.npmjs.org/async-listen/-/async-listen-3.0.1.tgz 0ms (cache hit)
2230 http cache balanced-match@https://registry.npmjs.org/balanced-match/-/balanced-match-4.0.4.tgz 0ms (cache hit)
2231 http cache end-of-stream@https://registry.npmjs.org/end-of-stream/-/end-of-stream-1.1.0.tgz 0ms (cache hit)
2232 http cache brace-expansion@https://registry.npmjs.org/brace-expansion/-/brace-expansion-5.0.6.tgz 0ms (cache hit)
2233 http cache minimatch@https://registry.npmjs.org/minimatch/-/minimatch-10.2.5.tgz 0ms (cache hit)
2234 http cache once@https://registry.npmjs.org/once/-/once-1.3.3.tgz 0ms (cache hit)
2235 http cache yallist@https://registry.npmjs.org/yallist/-/yallist-4.0.0.tgz 0ms (cache hit)
2236 http cache ms@https://registry.npmjs.org/ms/-/ms-2.1.2.tgz 0ms (cache hit)
2237 http cache lru-cache@https://registry.npmjs.org/lru-cache/-/lru-cache-6.0.0.tgz 0ms (cache hit)
2238 http cache ms@https://registry.npmjs.org/ms/-/ms-2.1.3.tgz 0ms (cache hit)
2239 http cache zod@https://registry.npmjs.org/zod/-/zod-3.22.4.tgz 0ms (cache hit)
2240 http cache signal-exit@https://registry.npmjs.org/signal-exit/-/signal-exit-3.0.7.tgz 0ms (cache hit)
2241 http cache signal-exit@https://registry.npmjs.org/signal-exit/-/signal-exit-3.0.7.tgz 0ms (cache hit)
2242 http cache debug@https://registry.npmjs.org/debug/-/debug-4.4.3.tgz 0ms (cache hit)
2243 http cache human-signals@https://registry.npmjs.org/human-signals/-/human-signals-2.1.0.tgz 0ms (cache hit)
2244 http cache get-stream@https://registry.npmjs.org/get-stream/-/get-stream-6.0.1.tgz 0ms (cache hit)
2245 http cache lru-cache@https://registry.npmjs.org/lru-cache/-/lru-cache-7.18.3.tgz 0ms (cache hit)
2246 http cache execa@https://registry.npmjs.org/execa/-/execa-5.1.1.tgz 0ms (cache hit)
2247 http cache undici@https://registry.npmjs.org/undici/-/undici-5.28.4.tgz 0ms (cache hit)
2248 http cache semver@https://registry.npmjs.org/semver/-/semver-6.3.1.tgz 0ms (cache hit)
2249 http cache path-to-regexp@https://registry.npmjs.org/path-to-regexp/-/path-to-regexp-6.1.0.tgz 0ms (cache hit)
2250 http cache path-to-regexp@https://registry.npmjs.org/path-to-regexp/-/path-to-regexp-6.1.0.tgz 0ms (cache hit)
2251 http cache node-fetch@https://registry.npmjs.org/node-fetch/-/node-fetch-2.6.9.tgz 0ms (cache hit)
2252 http cache es-module-lexer@https://registry.npmjs.org/es-module-lexer/-/es-module-lexer-1.4.1.tgz 0ms (cache hit)
2253 http cache async-listen@https://registry.npmjs.org/async-listen/-/async-listen-3.0.0.tgz 0ms (cache hit)
2254 http cache fs-extra@https://registry.npmjs.org/fs-extra/-/fs-extra-11.1.1.tgz 0ms (cache hit)
2255 http cache xdg-app-paths@https://registry.npmjs.org/xdg-app-paths/-/xdg-app-paths-5.1.0.tgz 0ms (cache hit)
2256 http cache zod@https://registry.npmjs.org/zod/-/zod-3.22.4.tgz 0ms (cache hit)
2257 http cache path-to-regexp@https://registry.npmjs.org/path-to-regexp/-/path-to-regexp-8.2.0.tgz 0ms (cache hit)
2258 silly tarball no local data for balanced-match@https://registry.npmjs.org/balanced-match/-/balanced-match-1.0.2.tgz. Extracting by manifest.
2259 silly tarball no local data for @fastify/busboy@https://registry.npmjs.org/@fastify/busboy/-/busboy-2.1.1.tgz. Extracting by manifest.
2260 silly tarball no local data for concat-map@https://registry.npmjs.org/concat-map/-/concat-map-0.0.1.tgz. Extracting by manifest.
2261 silly tarball no local data for events-intercept@https://registry.npmjs.org/events-intercept/-/events-intercept-2.0.0.tgz. Extracting by manifest.
2262 silly tarball no local data for fd-slicer@https://registry.npmjs.org/fd-slicer/-/fd-slicer-1.1.0.tgz. Extracting by manifest.
2263 silly tarball no local data for buffer-crc32@https://registry.npmjs.org/buffer-crc32/-/buffer-crc32-0.2.13.tgz. Extracting by manifest.
2264 silly tarball no local data for brace-expansion@https://registry.npmjs.org/brace-expansion/-/brace-expansion-1.1.15.tgz. Extracting by manifest.
2265 silly tarball no local data for pend@https://registry.npmjs.org/pend/-/pend-1.2.0.tgz. Extracting by manifest.
2266 silly tarball no local data for yauzl-clone@https://registry.npmjs.org/yauzl-clone/-/yauzl-clone-1.0.4.tgz. Extracting by manifest.
2267 silly tarball no local data for yauzl@https://registry.npmjs.org/yauzl/-/yauzl-2.10.0.tgz. Extracting by manifest.
2268 silly tarball no local data for xdg-portable@https://registry.npmjs.org/xdg-portable/-/xdg-portable-7.3.0.tgz. Extracting by manifest.
2269 silly tarball no local data for os-paths@https://registry.npmjs.org/os-paths/-/os-paths-4.4.0.tgz. Extracting by manifest.
2270 silly tarball no local data for isexe@https://registry.npmjs.org/isexe/-/isexe-2.0.0.tgz. Extracting by manifest.
2271 silly tarball no local data for webidl-conversions@https://registry.npmjs.org/webidl-conversions/-/webidl-conversions-3.0.1.tgz. Extracting by manifest.
2272 silly tarball no local data for tr46@https://registry.npmjs.org/tr46/-/tr46-0.0.3.tgz. Extracting by manifest.
2273 silly tarball no local data for punycode@https://registry.npmjs.org/punycode/-/punycode-2.3.1.tgz. Extracting by manifest.
2274 silly tarball no local data for resolve-pkg-maps@https://registry.npmjs.org/resolve-pkg-maps/-/resolve-pkg-maps-1.0.0.tgz. Extracting by manifest.
2275 silly tarball no local data for fsevents@https://registry.npmjs.org/fsevents/-/fsevents-2.3.3.tgz. Extracting by manifest.
2276 silly tarball no local data for get-tsconfig@https://registry.npmjs.org/get-tsconfig/-/get-tsconfig-4.14.0.tgz. Extracting by manifest.
2277 silly tarball no local data for is-number@https://registry.npmjs.org/is-number/-/is-number-7.0.0.tgz. Extracting by manifest.
2278 silly tarball no local data for queue-microtask@https://registry.npmjs.org/queue-microtask/-/queue-microtask-1.2.3.tgz. Extracting by manifest.
2279 silly tarball no local data for to-regex-range@https://registry.npmjs.org/to-regex-range/-/to-regex-range-5.0.1.tgz. Extracting by manifest.
2280 silly tarball no local data for fill-range@https://registry.npmjs.org/fill-range/-/fill-range-7.1.1.tgz. Extracting by manifest.
2281 silly tarball no local data for braces@https://registry.npmjs.org/braces/-/braces-3.0.3.tgz. Extracting by manifest.
2282 silly tarball no local data for is-extglob@https://registry.npmjs.org/is-extglob/-/is-extglob-2.1.1.tgz. Extracting by manifest.
2283 silly tarball no local data for is-glob@https://registry.npmjs.org/is-glob/-/is-glob-4.0.3.tgz. Extracting by manifest.
2284 silly tarball no local data for reusify@https://registry.npmjs.org/reusify/-/reusify-1.1.0.tgz. Extracting by manifest.
2285 silly tarball no local data for run-parallel@https://registry.npmjs.org/run-parallel/-/run-parallel-1.2.0.tgz. Extracting by manifest.
2286 silly tarball no local data for fastq@https://registry.npmjs.org/fastq/-/fastq-1.20.1.tgz. Extracting by manifest.
2287 silly tarball no local data for @nodelib/fs.scandir@https://registry.npmjs.org/@nodelib/fs.scandir/-/fs.scandir-2.1.5.tgz. Extracting by manifest.
2288 silly tarball no local data for micromatch@https://registry.npmjs.org/micromatch/-/micromatch-4.0.8.tgz. Extracting by manifest.
2289 silly tarball no local data for merge2@https://registry.npmjs.org/merge2/-/merge2-1.4.1.tgz. Extracting by manifest.
2290 silly tarball no local data for glob-parent@https://registry.npmjs.org/glob-parent/-/glob-parent-5.1.2.tgz. Extracting by manifest.
2291 http cache zod@https://registry.npmjs.org/zod/-/zod-3.22.4.tgz 0ms (cache hit)
2292 silly tarball no local data for @nodelib/fs.walk@https://registry.npmjs.org/@nodelib/fs.walk/-/fs.walk-1.2.8.tgz. Extracting by manifest.
2293 silly tarball no local data for @nodelib/fs.stat@https://registry.npmjs.org/@nodelib/fs.stat/-/fs.stat-2.0.5.tgz. Extracting by manifest.
2294 silly tarball no local data for path-browserify@https://registry.npmjs.org/path-browserify/-/path-browserify-1.0.1.tgz. Extracting by manifest.
2295 silly tarball no local data for mkdirp@https://registry.npmjs.org/mkdirp/-/mkdirp-1.0.4.tgz. Extracting by manifest.
2296 silly tarball no local data for fast-glob@https://registry.npmjs.org/fast-glob/-/fast-glob-3.3.3.tgz. Extracting by manifest.
2297 silly tarball no local data for code-block-writer@https://registry.npmjs.org/code-block-writer/-/code-block-writer-10.1.1.tgz. Extracting by manifest.
2298 silly tarball no local data for convert-hrtime@https://registry.npmjs.org/convert-hrtime/-/convert-hrtime-3.0.0.tgz. Extracting by manifest.
2299 silly tarball no local data for bare-events@https://registry.npmjs.org/bare-events/-/bare-events-2.8.3.tgz. Extracting by manifest.
2300 silly tarball no local data for @ts-morph/common@https://registry.npmjs.org/@ts-morph/common/-/common-0.11.1.tgz. Extracting by manifest.
2301 silly tarball no local data for text-decoder@https://registry.npmjs.org/text-decoder/-/text-decoder-1.2.7.tgz. Extracting by manifest.
2302 silly tarball no local data for events-universal@https://registry.npmjs.org/events-universal/-/events-universal-1.0.1.tgz. Extracting by manifest.
2303 silly tarball no local data for fast-fifo@https://registry.npmjs.org/fast-fifo/-/fast-fifo-1.3.2.tgz. Extracting by manifest.
2304 silly tarball no local data for streamx@https://registry.npmjs.org/streamx/-/streamx-2.26.0.tgz. Extracting by manifest.
2305 silly tarball no local data for b4a@https://registry.npmjs.org/b4a/-/b4a-1.8.1.tgz. Extracting by manifest.
2306 silly tarball no local data for yallist@https://registry.npmjs.org/yallist/-/yallist-5.0.0.tgz. Extracting by manifest.
2307 silly tarball no local data for minizlib@https://registry.npmjs.org/minizlib/-/minizlib-3.1.0.tgz. Extracting by manifest.
2308 silly tarball no local data for @isaacs/fs-minipass@https://registry.npmjs.org/@isaacs/fs-minipass/-/fs-minipass-4.0.1.tgz. Extracting by manifest.
2309 silly tarball no local data for any-promise@https://registry.npmjs.org/any-promise/-/any-promise-1.3.0.tgz. Extracting by manifest.
2310 silly tarball no local data for chownr@https://registry.npmjs.org/chownr/-/chownr-3.0.0.tgz. Extracting by manifest.
2311 silly tarball no local data for stream-to-array@https://registry.npmjs.org/stream-to-array/-/stream-to-array-2.3.0.tgz. Extracting by manifest.
2312 silly tarball no local data for cookie-es@https://registry.npmjs.org/cookie-es/-/cookie-es-2.0.1.tgz. Extracting by manifest.
2313 silly tarball no local data for smart-buffer@https://registry.npmjs.org/smart-buffer/-/smart-buffer-4.2.0.tgz. Extracting by manifest.
2314 silly tarball no local data for socks@https://registry.npmjs.org/socks/-/socks-2.8.9.tgz. Extracting by manifest.
2315 silly tarball no local data for shebang-regex@https://registry.npmjs.org/shebang-regex/-/shebang-regex-3.0.0.tgz. Extracting by manifest.
2316 silly tarball no local data for ip-address@https://registry.npmjs.org/ip-address/-/ip-address-10.2.0.tgz. Extracting by manifest.
2317 silly tarball no local data for tar-stream@https://registry.npmjs.org/tar-stream/-/tar-stream-3.1.7.tgz. Extracting by manifest.
2318 silly tarball no local data for jsonlines@https://registry.npmjs.org/jsonlines/-/jsonlines-0.1.1.tgz. Extracting by manifest.
2319 silly tarball no local data for @vercel/sandbox@https://registry.npmjs.org/@vercel/sandbox/-/sandbox-1.9.0.tgz. Extracting by manifest.
2320 silly tarball no local data for @rolldown/pluginutils@https://registry.npmjs.org/@rolldown/pluginutils/-/pluginutils-1.0.0-rc.1.tgz. Extracting by manifest.
2321 silly tarball no local data for @vercel/oidc@https://registry.npmjs.org/@vercel/oidc/-/oidc-3.2.0.tgz. Extracting by manifest.
2322 silly tarball no local data for @rolldown/binding-darwin-arm64@https://registry.npmjs.org/@rolldown/binding-darwin-arm64/-/binding-darwin-arm64-1.0.0-rc.1.tgz. Extracting by manifest.
2323 silly tarball no local data for @oxc-project/types@https://registry.npmjs.org/@oxc-project/types/-/types-0.110.0.tgz. Extracting by manifest.
2324 silly tarball no local data for toidentifier@https://registry.npmjs.org/toidentifier/-/toidentifier-1.0.0.tgz. Extracting by manifest.
2325 silly tarball no local data for statuses@https://registry.npmjs.org/statuses/-/statuses-1.5.0.tgz. Extracting by manifest.
2326 silly tarball no local data for safer-buffer@https://registry.npmjs.org/safer-buffer/-/safer-buffer-2.1.2.tgz. Extracting by manifest.
2327 silly tarball no local data for setprototypeof@https://registry.npmjs.org/setprototypeof/-/setprototypeof-1.1.1.tgz. Extracting by manifest.
2328 silly tarball no local data for inherits@https://registry.npmjs.org/inherits/-/inherits-2.0.4.tgz. Extracting by manifest.
2329 silly tarball no local data for depd@https://registry.npmjs.org/depd/-/depd-1.1.2.tgz. Extracting by manifest.
2330 silly tarball no local data for iconv-lite@https://registry.npmjs.org/iconv-lite/-/iconv-lite-0.4.24.tgz. Extracting by manifest.
2331 silly tarball no local data for http-errors@https://registry.npmjs.org/http-errors/-/http-errors-1.7.3.tgz. Extracting by manifest.
2332 silly tarball no local data for bytes@https://registry.npmjs.org/bytes/-/bytes-3.1.0.tgz. Extracting by manifest.
2333 silly tarball no local data for wrappy@https://registry.npmjs.org/wrappy/-/wrappy-1.0.2.tgz. Extracting by manifest.
2334 silly tarball no local data for once@https://registry.npmjs.org/once/-/once-1.4.0.tgz. Extracting by manifest.
2335 silly tarball no local data for end-of-stream@https://registry.npmjs.org/end-of-stream/-/end-of-stream-1.4.5.tgz. Extracting by manifest.
2336 silly tarball no local data for source-map@https://registry.npmjs.org/source-map/-/source-map-0.6.1.tgz. Extracting by manifest.
2337 silly tarball no local data for esutils@https://registry.npmjs.org/esutils/-/esutils-2.0.3.tgz. Extracting by manifest.
2338 silly tarball no local data for estraverse@https://registry.npmjs.org/estraverse/-/estraverse-5.3.0.tgz. Extracting by manifest.
2339 silly tarball no local data for unpipe@https://registry.npmjs.org/unpipe/-/unpipe-1.0.0.tgz. Extracting by manifest.
2340 silly tarball no local data for escodegen@https://registry.npmjs.org/escodegen/-/escodegen-2.1.0.tgz. Extracting by manifest.
2341 silly tarball no local data for ast-types@https://registry.npmjs.org/ast-types/-/ast-types-0.13.4.tgz. Extracting by manifest.
2342 silly tarball no local data for esprima@https://registry.npmjs.org/esprima/-/esprima-4.0.1.tgz. Extracting by manifest.
2343 silly tarball no local data for degenerator@https://registry.npmjs.org/degenerator/-/degenerator-5.0.1.tgz. Extracting by manifest.
2344 silly tarball no local data for netmask@https://registry.npmjs.org/netmask/-/netmask-2.1.1.tgz. Extracting by manifest.
2345 silly tarball no local data for data-uri-to-buffer@https://registry.npmjs.org/data-uri-to-buffer/-/data-uri-to-buffer-6.0.2.tgz. Extracting by manifest.
2346 silly tarball no local data for pac-resolver@https://registry.npmjs.org/pac-resolver/-/pac-resolver-7.0.1.tgz. Extracting by manifest.
2347 silly tarball no local data for basic-ftp@https://registry.npmjs.org/basic-ftp/-/basic-ftp-5.3.1.tgz. Extracting by manifest.
2348 silly tarball no local data for get-uri@https://registry.npmjs.org/get-uri/-/get-uri-6.0.5.tgz. Extracting by manifest.
2349 silly tarball no local data for @tootallnate/quickjs-emscripten@https://registry.npmjs.org/@tootallnate/quickjs-emscripten/-/quickjs-emscripten-0.23.0.tgz. Extracting by manifest.
2350 silly tarball no local data for socks-proxy-agent@https://registry.npmjs.org/socks-proxy-agent/-/socks-proxy-agent-8.0.5.tgz. Extracting by manifest.
2351 silly tarball no local data for proxy-from-env@https://registry.npmjs.org/proxy-from-env/-/proxy-from-env-1.1.0.tgz. Extracting by manifest.
2352 silly tarball no local data for pac-proxy-agent@https://registry.npmjs.org/pac-proxy-agent/-/pac-proxy-agent-7.2.0.tgz. Extracting by manifest.
2353 silly tarball no local data for http-proxy-agent@https://registry.npmjs.org/http-proxy-agent/-/http-proxy-agent-7.0.2.tgz. Extracting by manifest.
2354 silly tarball no local data for parse-ms@https://registry.npmjs.org/parse-ms/-/parse-ms-2.1.0.tgz. Extracting by manifest.
2355 silly tarball no local data for lru-cache@https://registry.npmjs.org/lru-cache/-/lru-cache-11.5.1.tgz. Extracting by manifest.
2356 silly tarball no local data for tslib@https://registry.npmjs.org/tslib/-/tslib-2.8.1.tgz. Extracting by manifest.
2357 silly tarball no local data for @tybys/wasm-util@https://registry.npmjs.org/@tybys/wasm-util/-/wasm-util-0.10.2.tgz. Extracting by manifest.
2358 silly tarball no local data for @emnapi/wasi-threads@https://registry.npmjs.org/@emnapi/wasi-threads/-/wasi-threads-1.2.1.tgz. Extracting by manifest.
2359 silly tarball no local data for @emnapi/core@https://registry.npmjs.org/@emnapi/core/-/core-1.10.0.tgz. Extracting by manifest.
2360 silly tarball no local data for @emnapi/runtime@https://registry.npmjs.org/@emnapi/runtime/-/runtime-1.10.0.tgz. Extracting by manifest.
2361 silly tarball no local data for @napi-rs/wasm-runtime@https://registry.npmjs.org/@napi-rs/wasm-runtime/-/wasm-runtime-1.1.4.tgz. Extracting by manifest.
2362 silly tarball no local data for @oxc-transform/binding-darwin-arm64@https://registry.npmjs.org/@oxc-transform/binding-darwin-arm64/-/binding-darwin-arm64-0.111.0.tgz. Extracting by manifest.
2363 silly tarball no local data for abbrev@https://registry.npmjs.org/abbrev/-/abbrev-3.0.1.tgz. Extracting by manifest.
2364 silly tarball no local data for mimic-fn@https://registry.npmjs.org/mimic-fn/-/mimic-fn-2.1.0.tgz. Extracting by manifest.
2365 http cache zod@https://registry.npmjs.org/zod/-/zod-3.22.4.tgz 0ms (cache hit)
2366 silly tarball no local data for whatwg-url@https://registry.npmjs.org/whatwg-url/-/whatwg-url-5.0.0.tgz. Extracting by manifest.
2367 silly tarball no local data for @isaacs/balanced-match@https://registry.npmjs.org/@isaacs/balanced-match/-/balanced-match-4.0.1.tgz. Extracting by manifest.
2368 silly tarball no local data for @isaacs/brace-expansion@https://registry.npmjs.org/@isaacs/brace-expansion/-/brace-expansion-5.0.1.tgz. Extracting by manifest.
2369 silly tarball no local data for content-type@https://registry.npmjs.org/content-type/-/content-type-1.0.4.tgz. Extracting by manifest.
2370 silly tarball no local data for mime-db@https://registry.npmjs.org/mime-db/-/mime-db-1.52.0.tgz. Extracting by manifest.
2371 silly tarball no local data for arg@https://registry.npmjs.org/arg/-/arg-4.1.0.tgz. Extracting by manifest.
2372 silly tarball no local data for ts-toolbelt@https://registry.npmjs.org/ts-toolbelt/-/ts-toolbelt-6.15.5.tgz. Extracting by manifest.
2373 silly tarball no local data for raw-body@https://registry.npmjs.org/raw-body/-/raw-body-2.4.1.tgz. Extracting by manifest.
2374 silly tarball no local data for @types/json-schema@https://registry.npmjs.org/@types/json-schema/-/json-schema-7.0.15.tgz. Extracting by manifest.
2375 silly tarball no local data for argparse@https://registry.npmjs.org/argparse/-/argparse-2.0.1.tgz. Extracting by manifest.
2376 silly tarball no local data for agent-base@https://registry.npmjs.org/agent-base/-/agent-base-7.1.4.tgz. Extracting by manifest.
2377 silly tarball no local data for path-scurry@https://registry.npmjs.org/path-scurry/-/path-scurry-2.0.2.tgz. Extracting by manifest.
2378 silly tarball no local data for pump@https://registry.npmjs.org/pump/-/pump-3.0.4.tgz. Extracting by manifest.
2379 silly tarball no local data for math-intrinsics@https://registry.npmjs.org/math-intrinsics/-/math-intrinsics-1.1.0.tgz. Extracting by manifest.
2380 silly tarball no local data for minipass@https://registry.npmjs.org/minipass/-/minipass-7.1.3.tgz. Extracting by manifest.
2381 silly tarball no local data for has-symbols@https://registry.npmjs.org/has-symbols/-/has-symbols-1.1.0.tgz. Extracting by manifest.
2382 silly tarball no local data for gopd@https://registry.npmjs.org/gopd/-/gopd-1.2.0.tgz. Extracting by manifest.
2383 silly tarball no local data for get-proto@https://registry.npmjs.org/get-proto/-/get-proto-1.0.1.tgz. Extracting by manifest.
2384 silly tarball no local data for es-object-atoms@https://registry.npmjs.org/es-object-atoms/-/es-object-atoms-1.1.2.tgz. Extracting by manifest.
2385 silly tarball no local data for dunder-proto@https://registry.npmjs.org/dunder-proto/-/dunder-proto-1.0.1.tgz. Extracting by manifest.
2386 silly tarball no local data for es-define-property@https://registry.npmjs.org/es-define-property/-/es-define-property-1.0.1.tgz. Extracting by manifest.
2387 silly tarball no local data for call-bind-apply-helpers@https://registry.npmjs.org/call-bind-apply-helpers/-/call-bind-apply-helpers-1.0.2.tgz. Extracting by manifest.
2388 silly tarball no local data for universalify@https://registry.npmjs.org/universalify/-/universalify-2.0.1.tgz. Extracting by manifest.
2389 silly tarball no local data for get-intrinsic@https://registry.npmjs.org/get-intrinsic/-/get-intrinsic-1.3.0.tgz. Extracting by manifest.
2390 silly tarball no local data for es-errors@https://registry.npmjs.org/es-errors/-/es-errors-1.3.0.tgz. Extracting by manifest.
2391 silly tarball no local data for has-tostringtag@https://registry.npmjs.org/has-tostringtag/-/has-tostringtag-1.0.2.tgz. Extracting by manifest.
2392 silly tarball no local data for delayed-stream@https://registry.npmjs.org/delayed-stream/-/delayed-stream-1.0.0.tgz. Extracting by manifest.
2393 silly tarball no local data for jsonfile@https://registry.npmjs.org/jsonfile/-/jsonfile-6.2.1.tgz. Extracting by manifest.
2394 silly tarball no local data for hasown@https://registry.npmjs.org/hasown/-/hasown-2.0.4.tgz. Extracting by manifest.
2395 silly tarball no local data for function-bind@https://registry.npmjs.org/function-bind/-/function-bind-1.1.2.tgz. Extracting by manifest.
2396 silly tarball no local data for combined-stream@https://registry.npmjs.org/combined-stream/-/combined-stream-1.0.8.tgz. Extracting by manifest.
2397 silly tarball no local data for asynckit@https://registry.npmjs.org/asynckit/-/asynckit-0.4.0.tgz. Extracting by manifest.
2398 silly tarball no local data for es-set-tostringtag@https://registry.npmjs.org/es-set-tostringtag/-/es-set-tostringtag-2.1.0.tgz. Extracting by manifest.
2399 silly tarball no local data for which@https://registry.npmjs.org/which/-/which-2.0.2.tgz. Extracting by manifest.
2400 silly tarball no local data for path-key@https://registry.npmjs.org/path-key/-/path-key-3.1.1.tgz. Extracting by manifest.
2401 silly tarball no local data for p-finally@https://registry.npmjs.org/p-finally/-/p-finally-2.0.1.tgz. Extracting by manifest.
2402 silly tarball no local data for strip-final-newline@https://registry.npmjs.org/strip-final-newline/-/strip-final-newline-2.0.0.tgz. Extracting by manifest.
2403 silly tarball no local data for onetime@https://registry.npmjs.org/onetime/-/onetime-5.1.2.tgz. Extracting by manifest.
2404 silly tarball no local data for is-stream@https://registry.npmjs.org/is-stream/-/is-stream-2.0.1.tgz. Extracting by manifest.
2405 silly tarball no local data for npm-run-path@https://registry.npmjs.org/npm-run-path/-/npm-run-path-4.0.1.tgz. Extracting by manifest.
2406 silly tarball no local data for get-stream@https://registry.npmjs.org/get-stream/-/get-stream-5.2.0.tgz. Extracting by manifest.
2407 silly tarball no local data for merge-stream@https://registry.npmjs.org/merge-stream/-/merge-stream-2.0.0.tgz. Extracting by manifest.
2408 silly tarball no local data for cross-spawn@https://registry.npmjs.org/cross-spawn/-/cross-spawn-7.0.6.tgz. Extracting by manifest.
2409 silly tarball no local data for time-span@https://registry.npmjs.org/time-span/-/time-span-4.0.0.tgz. Extracting by manifest.
2410 silly tarball no local data for @esbuild/darwin-arm64@https://registry.npmjs.org/@esbuild/darwin-arm64/-/darwin-arm64-0.27.0.tgz. Extracting by manifest.
2411 silly tarball no local data for signal-exit@https://registry.npmjs.org/signal-exit/-/signal-exit-4.0.2.tgz. Extracting by manifest.
2412 silly tarball no local data for pretty-ms@https://registry.npmjs.org/pretty-ms/-/pretty-ms-7.0.1.tgz. Extracting by manifest.
2413 silly tarball no local data for picocolors@https://registry.npmjs.org/picocolors/-/picocolors-1.0.0.tgz. Extracting by manifest.
2414 silly tarball no local data for mri@https://registry.npmjs.org/mri/-/mri-1.2.0.tgz. Extracting by manifest.
2415 silly tarball no local data for shebang-command@https://registry.npmjs.org/shebang-command/-/shebang-command-2.0.0.tgz. Extracting by manifest.
2416 silly tarball no local data for @edge-runtime/format@https://registry.npmjs.org/@edge-runtime/format/-/format-2.2.1.tgz. Extracting by manifest.
2417 silly tarball no local data for readdirp@https://registry.npmjs.org/readdirp/-/readdirp-4.1.2.tgz. Extracting by manifest.
2418 silly tarball no local data for @edge-runtime/ponyfill@https://registry.npmjs.org/@edge-runtime/ponyfill/-/ponyfill-2.4.2.tgz. Extracting by manifest.
2419 silly tarball no local data for file-uri-to-path@https://registry.npmjs.org/file-uri-to-path/-/file-uri-to-path-1.0.0.tgz. Extracting by manifest.
2420 silly tarball no local data for uri-js@https://registry.npmjs.org/uri-js/-/uri-js-4.4.1.tgz. Extracting by manifest.
2421 silly tarball no local data for human-signals@https://registry.npmjs.org/human-signals/-/human-signals-1.1.1.tgz. Extracting by manifest.
2422 silly tarball no local data for retry@https://registry.npmjs.org/retry/-/retry-0.13.1.tgz. Extracting by manifest.
2423 silly tarball no local data for json-schema-traverse@https://registry.npmjs.org/json-schema-traverse/-/json-schema-traverse-1.0.0.tgz. Extracting by manifest.
2424 silly tarball no local data for require-from-string@https://registry.npmjs.org/require-from-string/-/require-from-string-2.0.2.tgz. Extracting by manifest.
2425 silly tarball no local data for fast-deep-equal@https://registry.npmjs.org/fast-deep-equal/-/fast-deep-equal-3.1.3.tgz. Extracting by manifest.
2426 silly tarball no local data for ajv@https://registry.npmjs.org/ajv/-/ajv-8.6.3.tgz. Extracting by manifest.
2427 silly tarball no local data for json-schema-to-ts@https://registry.npmjs.org/json-schema-to-ts/-/json-schema-to-ts-1.6.4.tgz. Extracting by manifest.
2428 silly tarball no local data for @sinclair/typebox@https://registry.npmjs.org/@sinclair/typebox/-/typebox-0.25.24.tgz. Extracting by manifest.
2429 silly tarball no local data for web-vitals@https://registry.npmjs.org/web-vitals/-/web-vitals-0.2.4.tgz. Extracting by manifest.
2430 silly tarball no local data for minimatch@https://registry.npmjs.org/minimatch/-/minimatch-10.1.1.tgz. Extracting by manifest.
2431 silly tarball no local data for @vercel/gatsby-plugin-vercel-builder@https://registry.npmjs.org/@vercel/gatsby-plugin-vercel-builder/-/gatsby-plugin-vercel-builder-2.2.10.tgz. Extracting by manifest.
2432 silly tarball no local data for @vercel/gatsby-plugin-vercel-analytics@https://registry.npmjs.org/@vercel/gatsby-plugin-vercel-analytics/-/gatsby-plugin-vercel-analytics-1.0.11.tgz. Extracting by manifest.
2433 silly tarball no local data for @renovatebot/pep440@https://registry.npmjs.org/@renovatebot/pep440/-/pep440-4.2.1.tgz. Extracting by manifest.
2434 silly tarball no local data for undici-types@https://registry.npmjs.org/undici-types/-/undici-types-5.26.5.tgz. Extracting by manifest.
2435 silly tarball no local data for js-yaml@https://registry.npmjs.org/js-yaml/-/js-yaml-4.1.1.tgz. Extracting by manifest.
2436 silly tarball no local data for typescript@https://registry.npmjs.org/typescript/-/typescript-5.9.3.tgz. Extracting by manifest.
2437 silly tarball no local data for path-to-regexp-updated@https://registry.npmjs.org/path-to-regexp/-/path-to-regexp-6.3.0.tgz. Extracting by manifest.
2438 silly tarball no local data for etag@https://registry.npmjs.org/etag/-/etag-1.8.1.tgz. Extracting by manifest.
2439 silly tarball no local data for mime-types@https://registry.npmjs.org/mime-types/-/mime-types-2.1.35.tgz. Extracting by manifest.
2440 silly tarball no local data for @bytecodealliance/preview2-shim@https://registry.npmjs.org/@bytecodealliance/preview2-shim/-/preview2-shim-0.17.6.tgz. Extracting by manifest.
2441 silly tarball no local data for edge-runtime@https://registry.npmjs.org/edge-runtime/-/edge-runtime-2.5.9.tgz. Extracting by manifest.
2442 silly tarball no local data for @vercel/error-utils@https://registry.npmjs.org/@vercel/error-utils/-/error-utils-2.1.0.tgz. Extracting by manifest.
2443 silly tarball no local data for @edge-runtime/vm@https://registry.npmjs.org/@edge-runtime/vm/-/vm-3.2.0.tgz. Extracting by manifest.
2444 silly tarball no local data for @edge-runtime/primitives@https://registry.npmjs.org/@edge-runtime/primitives/-/primitives-4.1.0.tgz. Extracting by manifest.
2445 silly tarball no local data for @types/node@https://registry.npmjs.org/@types/node/-/node-20.11.0.tgz. Extracting by manifest.
2446 silly tarball no local data for https-proxy-agent@https://registry.npmjs.org/https-proxy-agent/-/https-proxy-agent-7.0.6.tgz. Extracting by manifest.
2447 silly tarball no local data for detect-libc@https://registry.npmjs.org/detect-libc/-/detect-libc-2.1.2.tgz. Extracting by manifest.
2448 silly tarball no local data for resolve-from@https://registry.npmjs.org/resolve-from/-/resolve-from-5.0.0.tgz. Extracting by manifest.
2449 silly tarball no local data for nopt@https://registry.npmjs.org/nopt/-/nopt-8.1.0.tgz. Extracting by manifest.
2450 silly tarball no local data for node-gyp-build@https://registry.npmjs.org/node-gyp-build/-/node-gyp-build-4.8.4.tgz. Extracting by manifest.
2451 silly tarball no local data for consola@https://registry.npmjs.org/consola/-/consola-3.4.2.tgz. Extracting by manifest.
2452 silly tarball no local data for picomatch@https://registry.npmjs.org/picomatch/-/picomatch-4.0.4.tgz. Extracting by manifest.
2453 silly tarball no local data for graceful-fs@https://registry.npmjs.org/graceful-fs/-/graceful-fs-4.2.11.tgz. Extracting by manifest.
2454 silly tarball no local data for @types/estree@https://registry.npmjs.org/@types/estree/-/estree-1.0.9.tgz. Extracting by manifest.
2455 silly tarball no local data for estree-walker@https://registry.npmjs.org/estree-walker/-/estree-walker-2.0.2.tgz. Extracting by manifest.
2456 silly tarball no local data for glob@https://registry.npmjs.org/glob/-/glob-13.0.6.tgz. Extracting by manifest.
2457 silly tarball no local data for bindings@https://registry.npmjs.org/bindings/-/bindings-1.5.0.tgz. Extracting by manifest.
2458 silly tarball no local data for async-sema@https://registry.npmjs.org/async-sema/-/async-sema-3.1.1.tgz. Extracting by manifest.
2459 silly tarball no local data for acorn-import-attributes@https://registry.npmjs.org/acorn-import-attributes/-/acorn-import-attributes-1.9.5.tgz. Extracting by manifest.
2460 silly tarball no local data for acorn@https://registry.npmjs.org/acorn/-/acorn-8.16.0.tgz. Extracting by manifest.
2461 silly tarball no local data for @edge-runtime/node-utils@https://registry.npmjs.org/@edge-runtime/node-utils/-/node-utils-2.3.0.tgz. Extracting by manifest.
2462 silly tarball no local data for yauzl-promise@https://registry.npmjs.org/yauzl-promise/-/yauzl-promise-2.1.3.tgz. Extracting by manifest.
2463 silly tarball no local data for @mapbox/node-pre-gyp@https://registry.npmjs.org/@mapbox/node-pre-gyp/-/node-pre-gyp-2.0.3.tgz. Extracting by manifest.
2464 silly tarball no local data for tree-kill@https://registry.npmjs.org/tree-kill/-/tree-kill-1.2.2.tgz. Extracting by manifest.
2465 silly tarball no local data for uid-promise@https://registry.npmjs.org/uid-promise/-/uid-promise-1.0.0.tgz. Extracting by manifest.
2466 silly tarball no local data for @rollup/pluginutils@https://registry.npmjs.org/@rollup/pluginutils/-/pluginutils-5.4.0.tgz. Extracting by manifest.
2467 silly tarball no local data for tar@https://registry.npmjs.org/tar/-/tar-7.5.7.tgz. Extracting by manifest.
2468 silly tarball no local data for tinyexec@https://registry.npmjs.org/tinyexec/-/tinyexec-0.3.2.tgz. Extracting by manifest.
2469 silly tarball no local data for promisepipe@https://registry.npmjs.org/promisepipe/-/promisepipe-3.0.0.tgz. Extracting by manifest.
2470 silly tarball no local data for stream-to-promise@https://registry.npmjs.org/stream-to-promise/-/stream-to-promise-2.2.0.tgz. Extracting by manifest.
2471 silly tarball no local data for stat-mode@https://registry.npmjs.org/stat-mode/-/stat-mode-0.3.0.tgz. Extracting by manifest.
2472 silly tarball no local data for semver@https://registry.npmjs.org/semver/-/semver-7.5.4.tgz. Extracting by manifest.
2473 silly tarball no local data for generic-pool@https://registry.npmjs.org/generic-pool/-/generic-pool-3.4.2.tgz. Extracting by manifest.
2474 silly tarball no local data for ms@https://registry.npmjs.org/ms/-/ms-2.1.1.tgz. Extracting by manifest.
2475 silly tarball no local data for node-fetch@https://registry.npmjs.org/node-fetch/-/node-fetch-2.6.7.tgz. Extracting by manifest.
2476 silly tarball no local data for micro@https://registry.npmjs.org/micro/-/micro-9.3.5-canary.3.tgz. Extracting by manifest.
2477 silly tarball no local data for async-listen@https://registry.npmjs.org/async-listen/-/async-listen-1.2.0.tgz. Extracting by manifest.
2478 silly tarball no local data for debug@https://registry.npmjs.org/debug/-/debug-4.3.4.tgz. Extracting by manifest.
2479 silly tarball no local data for ts-morph@https://registry.npmjs.org/ts-morph/-/ts-morph-12.0.0.tgz. Extracting by manifest.
2480 silly tarball no local data for @vercel/cervel@https://registry.npmjs.org/@vercel/cervel/-/cervel-0.1.11.tgz. Extracting by manifest.
2481 silly tarball no local data for @vercel/static-config@https://registry.npmjs.org/@vercel/static-config/-/static-config-3.4.0.tgz. Extracting by manifest.
2482 silly tarball no local data for @tootallnate/once@https://registry.npmjs.org/@tootallnate/once/-/once-2.0.0.tgz. Extracting by manifest.
2483 silly tarball no local data for xdg-app-paths@https://registry.npmjs.org/xdg-app-paths/-/xdg-app-paths-5.5.1.tgz. Extracting by manifest.
2484 silly tarball no local data for cjs-module-lexer@https://registry.npmjs.org/cjs-module-lexer/-/cjs-module-lexer-1.2.3.tgz. Extracting by manifest.
2485 silly tarball no local data for es-module-lexer@https://registry.npmjs.org/es-module-lexer/-/es-module-lexer-1.5.0.tgz. Extracting by manifest.
2486 silly tarball no local data for @vercel/python-analysis@https://registry.npmjs.org/@vercel/python-analysis/-/python-analysis-0.11.1.tgz. Extracting by manifest.
2487 silly tarball no local data for undici@https://registry.npmjs.org/undici/-/undici-6.26.0.tgz. Extracting by manifest.
2488 silly tarball no local data for throttleit@https://registry.npmjs.org/throttleit/-/throttleit-2.1.0.tgz. Extracting by manifest.
2489 silly tarball no local data for is-node-process@https://registry.npmjs.org/is-node-process/-/is-node-process-1.2.0.tgz. Extracting by manifest.
2490 silly tarball no local data for is-buffer@https://registry.npmjs.org/is-buffer/-/is-buffer-2.0.5.tgz. Extracting by manifest.
2491 silly tarball no local data for tsx@https://registry.npmjs.org/tsx/-/tsx-4.21.0.tgz. Extracting by manifest.
2492 silly tarball no local data for async-retry@https://registry.npmjs.org/async-retry/-/async-retry-1.3.3.tgz. Extracting by manifest.
2493 silly tarball no local data for srvx@https://registry.npmjs.org/srvx/-/srvx-0.8.9.tgz. Extracting by manifest.
2494 silly tarball no local data for rolldown@https://registry.npmjs.org/rolldown/-/rolldown-1.0.0-rc.1.tgz. Extracting by manifest.
2495 silly tarball no local data for resolve.exports@https://registry.npmjs.org/resolve.exports/-/resolve.exports-2.0.3.tgz. Extracting by manifest.
2496 silly tarball no local data for oxc-transform@https://registry.npmjs.org/oxc-transform/-/oxc-transform-0.111.0.tgz. Extracting by manifest.
2497 silly tarball no local data for path-to-regexp@https://registry.npmjs.org/path-to-regexp/-/path-to-regexp-8.3.0.tgz. Extracting by manifest.
2498 silly tarball no local data for get-port@https://registry.npmjs.org/get-port/-/get-port-5.1.1.tgz. Extracting by manifest.
2499 silly tarball no local data for fs-extra@https://registry.npmjs.org/fs-extra/-/fs-extra-11.1.0.tgz. Extracting by manifest.
2500 silly tarball no local data for @vercel/nft@https://registry.npmjs.org/@vercel/nft/-/nft-1.10.0.tgz. Extracting by manifest.
2501 silly tarball no local data for execa@https://registry.npmjs.org/execa/-/execa-3.2.0.tgz. Extracting by manifest.
2502 silly tarball no local data for smol-toml@https://registry.npmjs.org/smol-toml/-/smol-toml-1.5.2.tgz. Extracting by manifest.
2503 silly tarball no local data for sandbox@https://registry.npmjs.org/sandbox/-/sandbox-2.5.6.tgz. Extracting by manifest.
2504 silly tarball no local data for proxy-agent@https://registry.npmjs.org/proxy-agent/-/proxy-agent-6.4.0.tgz. Extracting by manifest.
2505 silly tarball no local data for zod@https://registry.npmjs.org/zod/-/zod-4.1.11.tgz. Extracting by manifest.
2506 silly tarball no local data for luxon@https://registry.npmjs.org/luxon/-/luxon-3.7.2.tgz. Extracting by manifest.
2507 silly tarball no local data for jose@https://registry.npmjs.org/jose/-/jose-5.9.6.tgz. Extracting by manifest.
2508 silly tarball no local data for esbuild@https://registry.npmjs.org/esbuild/-/esbuild-0.27.0.tgz. Extracting by manifest.
2509 silly tarball no local data for chokidar@https://registry.npmjs.org/chokidar/-/chokidar-4.0.0.tgz. Extracting by manifest.
2510 silly tarball no local data for form-data@https://registry.npmjs.org/form-data/-/form-data-4.0.5.tgz. Extracting by manifest.
2511 silly tarball no local data for @vercel/static-build@https://registry.npmjs.org/@vercel/static-build/-/static-build-2.9.33.tgz. Extracting by manifest.
2512 silly tarball no local data for @vercel/rust@https://registry.npmjs.org/@vercel/rust/-/rust-1.3.0.tgz. Extracting by manifest.
2513 silly tarball no local data for @vercel/ruby@https://registry.npmjs.org/@vercel/ruby/-/ruby-2.4.0.tgz. Extracting by manifest.
2514 silly tarball no local data for @vercel/python@https://registry.npmjs.org/@vercel/python/-/python-6.44.0.tgz. Extracting by manifest.
2515 silly tarball no local data for @vercel/redwood@https://registry.npmjs.org/@vercel/redwood/-/redwood-2.4.15.tgz. Extracting by manifest.
2516 silly tarball no local data for @vercel/prepare-flags-definitions@https://registry.npmjs.org/@vercel/prepare-flags-definitions/-/prepare-flags-definitions-0.2.1.tgz. Extracting by manifest.
2517 silly tarball no local data for @vercel/remix-builder@https://registry.npmjs.org/@vercel/remix-builder/-/remix-builder-5.8.4.tgz. Extracting by manifest.
2518 silly tarball no local data for @vercel/node@https://registry.npmjs.org/@vercel/node/-/node-5.8.8.tgz. Extracting by manifest.
2519 silly tarball no local data for @vercel/next@https://registry.npmjs.org/@vercel/next/-/next-4.17.5.tgz. Extracting by manifest.
2520 silly tarball no local data for @vercel/hydrogen@https://registry.npmjs.org/@vercel/hydrogen/-/hydrogen-1.3.8.tgz. Extracting by manifest.
2521 silly tarball no local data for @vercel/nestjs@https://registry.npmjs.org/@vercel/nestjs/-/nestjs-0.2.88.tgz. Extracting by manifest.
2522 silly tarball no local data for @vercel/hono@https://registry.npmjs.org/@vercel/hono/-/hono-0.2.87.tgz. Extracting by manifest.
2523 silly tarball no local data for @vercel/koa@https://registry.npmjs.org/@vercel/koa/-/koa-0.1.67.tgz. Extracting by manifest.
2524 silly tarball no local data for @vercel/h3@https://registry.npmjs.org/@vercel/h3/-/h3-0.1.93.tgz. Extracting by manifest.
2525 silly tarball no local data for @vercel/go@https://registry.npmjs.org/@vercel/go/-/go-3.8.0.tgz. Extracting by manifest.
2526 silly tarball no local data for @vercel/fun@https://registry.npmjs.org/@vercel/fun/-/fun-1.3.0.tgz. Extracting by manifest.
2527 silly tarball no local data for @vercel/fastify@https://registry.npmjs.org/@vercel/fastify/-/fastify-0.1.87.tgz. Extracting by manifest.
2528 silly tarball no local data for @vercel/express@https://registry.npmjs.org/@vercel/express/-/express-0.1.94.tgz. Extracting by manifest.
2529 silly tarball no local data for @vercel/cli-config@https://registry.npmjs.org/@vercel/cli-config/-/cli-config-0.1.2.tgz. Extracting by manifest.
2530 silly tarball no local data for @vercel/build-utils@https://registry.npmjs.org/@vercel/build-utils/-/build-utils-13.26.4.tgz. Extracting by manifest.
2531 silly tarball no local data for @vercel/blob@https://registry.npmjs.org/@vercel/blob/-/blob-2.4.0.tgz. Extracting by manifest.
2532 silly tarball no local data for @vercel/elysia@https://registry.npmjs.org/@vercel/elysia/-/elysia-0.1.84.tgz. Extracting by manifest.
2533 silly tarball no local data for vercel@https://registry.npmjs.org/vercel/-/vercel-54.6.1.tgz. Extracting by manifest.
2534 silly tarball no local data for @vercel/backends@https://registry.npmjs.org/@vercel/backends/-/backends-0.8.3.tgz. Extracting by manifest.
2535 silly tarball no local data for picomatch@https://registry.npmjs.org/picomatch/-/picomatch-2.3.2.tgz. Extracting by manifest.
2536 silly tarball no local data for @vercel/detect-agent@https://registry.npmjs.org/@vercel/detect-agent/-/detect-agent-1.2.3.tgz. Extracting by manifest.
2537 silly tarball no local data for minimatch@https://registry.npmjs.org/minimatch/-/minimatch-3.1.5.tgz. Extracting by manifest.
2538 silly tarball no local data for zod@https://registry.npmjs.org/zod/-/zod-3.24.4.tgz. Extracting by manifest.
2539 silly tarball no local data for xdg-app-paths@https://registry.npmjs.org/xdg-app-paths/-/xdg-app-paths-5.1.0.tgz. Extracting by manifest.
2540 silly tarball no local data for picocolors@https://registry.npmjs.org/picocolors/-/picocolors-1.1.1.tgz. Extracting by manifest.
2541 silly tarball no local data for undici@https://registry.npmjs.org/undici/-/undici-7.26.0.tgz. Extracting by manifest.
2542 silly tarball no local data for ms@https://registry.npmjs.org/ms/-/ms-2.1.3.tgz. Extracting by manifest.
2543 silly tarball no local data for async-listen@https://registry.npmjs.org/async-listen/-/async-listen-3.0.1.tgz. Extracting by manifest.
2544 silly tarball no local data for balanced-match@https://registry.npmjs.org/balanced-match/-/balanced-match-4.0.4.tgz. Extracting by manifest.
2545 silly tarball no local data for end-of-stream@https://registry.npmjs.org/end-of-stream/-/end-of-stream-1.1.0.tgz. Extracting by manifest.
2546 silly tarball no local data for brace-expansion@https://registry.npmjs.org/brace-expansion/-/brace-expansion-5.0.6.tgz. Extracting by manifest.
2547 silly tarball no local data for minimatch@https://registry.npmjs.org/minimatch/-/minimatch-10.2.5.tgz. Extracting by manifest.
2548 silly tarball no local data for once@https://registry.npmjs.org/once/-/once-1.3.3.tgz. Extracting by manifest.
2549 silly tarball no local data for yallist@https://registry.npmjs.org/yallist/-/yallist-4.0.0.tgz. Extracting by manifest.
2550 silly tarball no local data for ms@https://registry.npmjs.org/ms/-/ms-2.1.2.tgz. Extracting by manifest.
2551 silly tarball no local data for lru-cache@https://registry.npmjs.org/lru-cache/-/lru-cache-6.0.0.tgz. Extracting by manifest.
2552 silly tarball no local data for ms@https://registry.npmjs.org/ms/-/ms-2.1.3.tgz. Extracting by manifest.
2553 silly tarball no local data for zod@https://registry.npmjs.org/zod/-/zod-3.22.4.tgz. Extracting by manifest.
2554 silly tarball no local data for signal-exit@https://registry.npmjs.org/signal-exit/-/signal-exit-3.0.7.tgz. Extracting by manifest.
2555 silly tarball no local data for signal-exit@https://registry.npmjs.org/signal-exit/-/signal-exit-3.0.7.tgz. Extracting by manifest.
2556 silly tarball no local data for debug@https://registry.npmjs.org/debug/-/debug-4.4.3.tgz. Extracting by manifest.
2557 silly tarball no local data for human-signals@https://registry.npmjs.org/human-signals/-/human-signals-2.1.0.tgz. Extracting by manifest.
2558 silly tarball no local data for get-stream@https://registry.npmjs.org/get-stream/-/get-stream-6.0.1.tgz. Extracting by manifest.
2559 silly tarball no local data for lru-cache@https://registry.npmjs.org/lru-cache/-/lru-cache-7.18.3.tgz. Extracting by manifest.
2560 silly tarball no local data for execa@https://registry.npmjs.org/execa/-/execa-5.1.1.tgz. Extracting by manifest.
2561 silly tarball no local data for undici@https://registry.npmjs.org/undici/-/undici-5.28.4.tgz. Extracting by manifest.
2562 silly tarball no local data for semver@https://registry.npmjs.org/semver/-/semver-6.3.1.tgz. Extracting by manifest.
2563 silly tarball no local data for path-to-regexp@https://registry.npmjs.org/path-to-regexp/-/path-to-regexp-6.1.0.tgz. Extracting by manifest.
2564 silly tarball no local data for path-to-regexp@https://registry.npmjs.org/path-to-regexp/-/path-to-regexp-6.1.0.tgz. Extracting by manifest.
2565 silly tarball no local data for node-fetch@https://registry.npmjs.org/node-fetch/-/node-fetch-2.6.9.tgz. Extracting by manifest.
2566 silly tarball no local data for es-module-lexer@https://registry.npmjs.org/es-module-lexer/-/es-module-lexer-1.4.1.tgz. Extracting by manifest.
2567 silly tarball no local data for async-listen@https://registry.npmjs.org/async-listen/-/async-listen-3.0.0.tgz. Extracting by manifest.
2568 silly tarball no local data for fs-extra@https://registry.npmjs.org/fs-extra/-/fs-extra-11.1.1.tgz. Extracting by manifest.
2569 silly tarball no local data for xdg-app-paths@https://registry.npmjs.org/xdg-app-paths/-/xdg-app-paths-5.1.0.tgz. Extracting by manifest.
2570 silly tarball no local data for zod@https://registry.npmjs.org/zod/-/zod-3.22.4.tgz. Extracting by manifest.
2571 silly tarball no local data for path-to-regexp@https://registry.npmjs.org/path-to-regexp/-/path-to-regexp-8.2.0.tgz. Extracting by manifest.
2572 silly tarball no local data for zod@https://registry.npmjs.org/zod/-/zod-3.22.4.tgz. Extracting by manifest.
2573 silly tarball no local data for zod@https://registry.npmjs.org/zod/-/zod-3.22.4.tgz. Extracting by manifest.
2574 http fetch GET 200 https://registry.npmjs.org/concat-map/-/concat-map-0.0.1.tgz 60ms (cache miss)
2575 http fetch GET 200 https://registry.npmjs.org/balanced-match/-/balanced-match-1.0.2.tgz 60ms (cache miss)
2576 http fetch GET 200 https://registry.npmjs.org/fd-slicer/-/fd-slicer-1.1.0.tgz 59ms (cache miss)
2577 http fetch GET 200 https://registry.npmjs.org/brace-expansion/-/brace-expansion-1.1.15.tgz 59ms (cache miss)
2578 http fetch GET 200 https://registry.npmjs.org/pend/-/pend-1.2.0.tgz 59ms (cache miss)
2579 http fetch GET 200 https://registry.npmjs.org/events-intercept/-/events-intercept-2.0.0.tgz 59ms (cache miss)
2580 http fetch GET 200 https://registry.npmjs.org/buffer-crc32/-/buffer-crc32-0.2.13.tgz 59ms (cache miss)
2581 http fetch GET 200 https://registry.npmjs.org/resolve-pkg-maps/-/resolve-pkg-maps-1.0.0.tgz 71ms (cache miss)
2582 http fetch GET 200 https://registry.npmjs.org/punycode/-/punycode-2.3.1.tgz 72ms (cache miss)
2583 http fetch GET 200 https://registry.npmjs.org/queue-microtask/-/queue-microtask-1.2.3.tgz 74ms (cache miss)
2584 http fetch GET 200 https://registry.npmjs.org/fsevents/-/fsevents-2.3.3.tgz 75ms (cache miss)
2585 http fetch GET 200 https://registry.npmjs.org/is-number/-/is-number-7.0.0.tgz 76ms (cache miss)
2586 http fetch GET 200 https://registry.npmjs.org/tr46/-/tr46-0.0.3.tgz 114ms (cache miss)
2587 http fetch GET 200 https://registry.npmjs.org/is-extglob/-/is-extglob-2.1.1.tgz 114ms (cache miss)
2588 http fetch GET 200 https://registry.npmjs.org/to-regex-range/-/to-regex-range-5.0.1.tgz 114ms (cache miss)
2589 http fetch GET 200 https://registry.npmjs.org/is-glob/-/is-glob-4.0.3.tgz 117ms (cache miss)
2590 http fetch GET 200 https://registry.npmjs.org/run-parallel/-/run-parallel-1.2.0.tgz 132ms (cache miss)
2591 http fetch GET 200 https://registry.npmjs.org/reusify/-/reusify-1.1.0.tgz 132ms (cache miss)
2592 http fetch GET 200 https://registry.npmjs.org/fastq/-/fastq-1.20.1.tgz 134ms (cache miss)
2593 http fetch GET 200 https://registry.npmjs.org/micromatch/-/micromatch-4.0.8.tgz 150ms (cache miss)
2594 http fetch GET 200 https://registry.npmjs.org/glob-parent/-/glob-parent-5.1.2.tgz 150ms (cache miss)
2595 http fetch GET 200 https://registry.npmjs.org/merge2/-/merge2-1.4.1.tgz 150ms (cache miss)
2596 http fetch GET 200 https://registry.npmjs.org/path-browserify/-/path-browserify-1.0.1.tgz 168ms (cache miss)
2597 http fetch GET 200 https://registry.npmjs.org/@nodelib/fs.stat/-/fs.stat-2.0.5.tgz 178ms (cache miss)
2598 http fetch GET 200 https://registry.npmjs.org/mkdirp/-/mkdirp-1.0.4.tgz 186ms (cache miss)
2599 http fetch POST 200 https://registry.npmjs.org/-/npm/v1/security/advisories/bulk 217ms
2600 silly audit report {
2600 silly audit report   'smol-toml': [
2600 silly audit report     {
2600 silly audit report       id: 1115393,
2600 silly audit report       url: 'https://github.com/advisories/GHSA-v3rj-xjv7-4jmq',
2600 silly audit report       title: 'smol-toml: Denial of Service via TOML documents containing thousands of consecutive commented lines',
2600 silly audit report       severity: 'moderate',
2600 silly audit report       vulnerable_versions: '<1.6.1',
2600 silly audit report       cwe: [Array],
2600 silly audit report       cvss: [Object]
2600 silly audit report     }
2600 silly audit report   ],
2600 silly audit report   'path-to-regexp': [
2600 silly audit report     {
2600 silly audit report       id: 1101846,
2600 silly audit report       url: 'https://github.com/advisories/GHSA-9wv6-86v2-598j',
2600 silly audit report       title: 'path-to-regexp outputs backtracking regular expressions',
2600 silly audit report       severity: 'high',
2600 silly audit report       vulnerable_versions: '>=4.0.0 <6.3.0',
2600 silly audit report       cwe: [Array],
2600 silly audit report       cvss: [Object]
2600 silly audit report     },
2600 silly audit report     {
2600 silly audit report       id: 1115573,
2600 silly audit report       url: 'https://github.com/advisories/GHSA-j3q9-mxjg-w52f',
2600 silly audit report       title: 'path-to-regexp vulnerable to Denial of Service via sequential optional groups',
2600 silly audit report       severity: 'high',
2600 silly audit report       vulnerable_versions: '>=8.0.0 <8.4.0',
2600 silly audit report       cwe: [Array],
2600 silly audit report       cvss: [Object]
2600 silly audit report     },
2600 silly audit report     {
2600 silly audit report       id: 1115582,
2600 silly audit report       url: 'https://github.com/advisories/GHSA-27v5-c462-wpq7',
2600 silly audit report       title: 'path-to-regexp vulnerable to Regular Expression Denial of Service via multiple wildcards',
2600 silly audit report       severity: 'moderate',
2600 silly audit report       vulnerable_versions: '>=8.0.0 <8.4.0',
2600 silly audit report       cwe: [Array],
2600 silly audit report       cvss: [Object]
2600 silly audit report     }
2600 silly audit report   ],
2600 silly audit report   srvx: [
2600 silly audit report     {
2600 silly audit report       id: 1115537,
2600 silly audit report       url: 'https://github.com/advisories/GHSA-p36q-q72m-gchr',
2600 silly audit report       title: 'srvx is vulnerable to middleware bypass via absolute URI in request line ',
2600 silly audit report       severity: 'moderate',
2600 silly audit report       vulnerable_versions: '<0.11.13',
2600 silly audit report       cwe: [Array],
2600 silly audit report       cvss: [Object]
2600 silly audit report     }
2600 silly audit report   ],
2600 silly audit report   undici: [
2600 silly audit report     {
2600 silly audit report       id: 1101610,
2600 silly audit report       url: 'https://github.com/advisories/GHSA-c76h-2ccp-4975',
2600 silly audit report       title: 'Use of Insufficiently Random Values in undici',
2600 silly audit report       severity: 'moderate',
2600 silly audit report       vulnerable_versions: '>=4.5.0 <5.28.5',
2600 silly audit report       cwe: [Array],
2600 silly audit report       cvss: [Object]
2600 silly audit report     },
2600 silly audit report     {
2600 silly audit report       id: 1112496,
2600 silly audit report       url: 'https://github.com/advisories/GHSA-g9mf-h72j-4rw9',
2600 silly audit report       title: 'Undici has an unbounded decompression chain in HTTP responses on Node.js Fetch API via Content-Encoding leads to resource exhaustion',
2600 silly audit report       severity: 'moderate',
2600 silly audit report       vulnerable_versions: '<6.23.0',
2600 silly audit report       cwe: [Array],
2600 silly audit report       cvss: [Object]
2600 silly audit report     },
2600 silly audit report     {
2600 silly audit report       id: 1113069,
2600 silly audit report       url: 'https://github.com/advisories/GHSA-cxrh-j4jr-qwg3',
2600 silly audit report       title: 'undici Denial of Service attack via bad certificate data',
2600 silly audit report       severity: 'low',
2600 silly audit report       vulnerable_versions: '<5.29.0',
2600 silly audit report       cwe: [Array],
2600 silly audit report       cvss: [Object]
2600 silly audit report     },
2600 silly audit report     {
2600 silly audit report       id: 1114594,
2600 silly audit report       url: 'https://github.com/advisories/GHSA-2mjp-6q6p-2qxm',
2600 silly audit report       title: 'Undici has an HTTP Request/Response Smuggling issue',
2600 silly audit report       severity: 'moderate',
2600 silly audit report       vulnerable_versions: '<6.24.0',
2600 silly audit report       cwe: [Array],
2600 silly audit report       cvss: [Object]
2600 silly audit report     },
2600 silly audit report     {
2600 silly audit report       id: 1114638,
2600 silly audit report       url: 'https://github.com/advisories/GHSA-vrm6-8vpv-qv8q',
2600 silly audit report       title: 'Undici has Unbounded Memory Consumption in WebSocket permessage-deflate Decompression',
2600 silly audit report       severity: 'high',
2600 silly audit report       vulnerable_versions: '<6.24.0',
2600 silly audit report       cwe: [Array],
2600 silly audit report       cvss: [Object]
2600 silly audit report     },
2600 silly audit report     {
2600 silly audit report       id: 1114640,
2600 silly audit report       url: 'https://github.com/advisories/GHSA-v9p9-hfj2-hcw8',
2600 silly audit report       title: 'Undici has Unhandled Exception in WebSocket Client Due to Invalid server_max_window_bits Validation',
2600 silly audit report       severity: 'high',
2600 silly audit report       vulnerable_versions: '<6.24.0',
2600 silly audit report       cwe: [Array],
2600 silly audit report       cvss: [Object]
2600 silly audit report     },
2600 silly audit report     {
2600 silly audit report       id: 1114642,
2600 silly audit report       url: 'https://github.com/advisories/GHSA-4992-7rv2-5pvq',
2600 silly audit report       title: 'Undici has CRLF Injection in undici via `upgrade` option',
2600 silly audit report       severity: 'moderate',
2600 silly audit report       vulnerable_versions: '<6.24.0',
2600 silly audit report       cwe: [Array],
2600 silly audit report       cvss: [Object]
2600 silly audit report     }
2600 silly audit report   ],
2600 silly audit report   '@tootallnate/once': [
2600 silly audit report     {
2600 silly audit report       id: 1119438,
2600 silly audit report       url: 'https://github.com/advisories/GHSA-vpq2-c234-7xj6',
2600 silly audit report       title: '@tootallnate/once vulnerable to Incorrect Control Flow Scoping',
2600 silly audit report       severity: 'low',
2600 silly audit report       vulnerable_versions: '<2.0.1',
2600 silly audit report       cwe: [Array],
2600 silly audit report       cvss: [Object]
2600 silly audit report     }
2600 silly audit report   ],
2600 silly audit report   tar: [
2600 silly audit report     {
2600 silly audit report       id: 1113375,
2600 silly audit report       url: 'https://github.com/advisories/GHSA-83g3-92jg-28cx',
2600 silly audit report       title: 'Arbitrary File Read/Write via Hardlink Target Escape Through Symlink Chain in node-tar Extraction',
2600 silly audit report       severity: 'high',
2600 silly audit report       vulnerable_versions: '<7.5.8',
2600 silly audit report       cwe: [Array],
2600 silly audit report       cvss: [Object]
2600 silly audit report     },
2600 silly audit report     {
2600 silly audit report       id: 1114200,
2600 silly audit report       url: 'https://github.com/advisories/GHSA-qffp-2rhf-9h96',
2600 silly audit report       title: 'tar has Hardlink Path Traversal via Drive-Relative Linkpath',
2600 silly audit report       severity: 'high',
2600 silly audit report       vulnerable_versions: '<=7.5.9',
2600 silly audit report       cwe: [Array],
2600 silly audit report       cvss: [Object]
2600 silly audit report     },
2600 silly audit report     {
2600 silly audit report       id: 1114302,
2600 silly audit report       url: 'https://github.com/advisories/GHSA-9ppj-qmqm-q256',
2600 silly audit report       title: 'node-tar Symlink Path Traversal via Drive-Relative Linkpath',
2600 silly audit report       severity: 'high',
2600 silly audit report       vulnerable_versions: '<=7.5.10',
2600 silly audit report       cwe: [Array],
2600 silly audit report       cvss: [Object]
2600 silly audit report     }
2600 silly audit report   ],
2600 silly audit report   minimatch: [
2600 silly audit report     {
2600 silly audit report       id: 1113466,
2600 silly audit report       url: 'https://github.com/advisories/GHSA-3ppc-4f35-3m26',
2600 silly audit report       title: 'minimatch has a ReDoS via repeated wildcards with non-matching literal in pattern',
2600 silly audit report       severity: 'high',
2600 silly audit report       vulnerable_versions: '>=10.0.0 <10.2.1',
2600 silly audit report       cwe: [Array],
2600 silly audit report       cvss: [Object]
2600 silly audit report     },
2600 silly audit report     {
2600 silly audit report       id: 1113545,
2600 silly audit report       url: 'https://github.com/advisories/GHSA-7r86-cg39-jmmj',
2600 silly audit report       title: 'minimatch has ReDoS: matchOne() combinatorial backtracking via multiple non-adjacent GLOBSTAR segments',
2600 silly audit report       severity: 'high',
2600 silly audit report       vulnerable_versions: '>=10.0.0 <10.2.3',
2600 silly audit report       cwe: [Array],
2600 silly audit report       cvss: [Object]
2600 silly audit report     },
2600 silly audit report     {
2600 silly audit report       id: 1113553,
2600 silly audit report       url: 'https://github.com/advisories/GHSA-23c5-xmqv-rm74',
2600 silly audit report       title: 'minimatch ReDoS: nested *() extglobs generate catastrophically backtracking regular expressions',
2600 silly audit report       severity: 'high',
2600 silly audit report       vulnerable_versions: '>=10.0.0 <10.2.3',
2600 silly audit report       cwe: [Array],
2600 silly audit report       cvss: [Object]
2600 silly audit report     }
2600 silly audit report   ],
2600 silly audit report   ajv: [
2600 silly audit report     {
2600 silly audit report       id: 1113715,
2600 silly audit report       url: 'https://github.com/advisories/GHSA-2g4f-4pwh-qvx6',
2600 silly audit report       title: 'ajv has ReDoS when using `$data` option',
2600 silly audit report       severity: 'moderate',
2600 silly audit report       vulnerable_versions: '>=7.0.0-alpha.0 <8.18.0',
2600 silly audit report       cwe: [Array],
2600 silly audit report       cvss: [Object]
2600 silly audit report     }
2600 silly audit report   ]
2600 silly audit report }
2601 silly packumentCache corgi:https://registry.npmjs.org/smol-toml cache-miss
2602 silly packumentCache corgi:https://registry.npmjs.org/path-to-regexp cache-miss
2603 silly packumentCache corgi:https://registry.npmjs.org/srvx cache-miss
2604 silly packumentCache corgi:https://registry.npmjs.org/undici cache-miss
2605 silly packumentCache corgi:https://registry.npmjs.org/@tootallnate%2fonce cache-miss
2606 silly packumentCache corgi:https://registry.npmjs.org/tar cache-miss
2607 silly packumentCache corgi:https://registry.npmjs.org/minimatch cache-miss
2608 silly packumentCache corgi:https://registry.npmjs.org/ajv cache-miss
2609 http fetch GET 200 https://registry.npmjs.org/code-block-writer/-/code-block-writer-10.1.1.tgz 205ms (cache miss)
2610 http fetch GET 200 https://registry.npmjs.org/convert-hrtime/-/convert-hrtime-3.0.0.tgz 206ms (cache miss)
2611 http fetch GET 200 https://registry.npmjs.org/fast-glob/-/fast-glob-3.3.3.tgz 208ms (cache miss)
2612 http fetch GET 200 https://registry.npmjs.org/bare-events/-/bare-events-2.8.3.tgz 220ms (cache miss)
2613 http fetch GET 200 https://registry.npmjs.org/text-decoder/-/text-decoder-1.2.7.tgz 226ms (cache miss)
2614 http fetch GET 200 https://registry.npmjs.org/events-universal/-/events-universal-1.0.1.tgz 241ms (cache miss)
2615 http fetch GET 200 https://registry.npmjs.org/fast-fifo/-/fast-fifo-1.3.2.tgz 243ms (cache miss)
2616 http fetch GET 200 https://registry.npmjs.org/b4a/-/b4a-1.8.1.tgz 265ms (cache miss)
2617 http fetch GET 200 https://registry.npmjs.org/streamx/-/streamx-2.26.0.tgz 265ms (cache miss)
2618 http fetch GET 200 https://registry.npmjs.org/yallist/-/yallist-5.0.0.tgz 283ms (cache miss)
2619 http fetch GET 200 https://registry.npmjs.org/minizlib/-/minizlib-3.1.0.tgz 287ms (cache miss)
2620 http fetch GET 200 https://registry.npmjs.org/yauzl-clone/-/yauzl-clone-1.0.4.tgz 316ms (cache miss)
2621 http fetch GET 200 https://registry.npmjs.org/webidl-conversions/-/webidl-conversions-3.0.1.tgz 316ms (cache miss)
2622 http fetch GET 200 https://registry.npmjs.org/any-promise/-/any-promise-1.3.0.tgz 313ms (cache miss)
2623 http fetch GET 200 https://registry.npmjs.org/fill-range/-/fill-range-7.1.1.tgz 330ms (cache miss)
2624 http fetch GET 200 https://registry.npmjs.org/stream-to-array/-/stream-to-array-2.3.0.tgz 330ms (cache miss)
2625 http fetch GET 200 https://registry.npmjs.org/cookie-es/-/cookie-es-2.0.1.tgz 330ms (cache miss)
2626 http fetch GET 200 https://registry.npmjs.org/chownr/-/chownr-3.0.0.tgz 337ms (cache miss)
2627 http fetch GET 200 https://registry.npmjs.org/@nodelib/fs.scandir/-/fs.scandir-2.1.5.tgz 344ms (cache miss)
2628 http fetch GET 200 https://registry.npmjs.org/get-tsconfig/-/get-tsconfig-4.14.0.tgz 345ms (cache miss)
2629 http fetch GET 200 https://registry.npmjs.org/shebang-regex/-/shebang-regex-3.0.0.tgz 349ms (cache miss)
2630 http fetch GET 200 https://registry.npmjs.org/tar-stream/-/tar-stream-3.1.7.tgz 361ms (cache miss)
2631 http fetch GET 200 https://registry.npmjs.org/ip-address/-/ip-address-10.2.0.tgz 393ms (cache miss)
2632 http fetch GET 200 https://registry.npmjs.org/@nodelib/fs.walk/-/fs.walk-1.2.8.tgz 402ms (cache miss)
2633 http fetch GET 200 https://registry.npmjs.org/@fastify/busboy/-/busboy-2.1.1.tgz 530ms (cache miss)
2634 http fetch GET 200 https://registry.npmjs.org/xdg-portable/-/xdg-portable-7.3.0.tgz 552ms (cache miss)
2635 http fetch GET 200 https://registry.npmjs.org/jsonlines/-/jsonlines-0.1.1.tgz 576ms (cache miss)
2636 http fetch GET 200 https://registry.npmjs.org/@rolldown/pluginutils/-/pluginutils-1.0.0-rc.1.tgz 586ms (cache miss)
2637 http fetch GET 200 https://registry.npmjs.org/socks/-/socks-2.8.9.tgz 587ms (cache miss)
2638 http fetch GET 200 https://registry.npmjs.org/smart-buffer/-/smart-buffer-4.2.0.tgz 587ms (cache miss)
2639 http fetch GET 200 https://registry.npmjs.org/setprototypeof/-/setprototypeof-1.1.1.tgz 605ms (cache miss)
2640 http fetch GET 200 https://registry.npmjs.org/statuses/-/statuses-1.5.0.tgz 605ms (cache miss)
2641 http fetch GET 200 https://registry.npmjs.org/inherits/-/inherits-2.0.4.tgz 605ms (cache miss)
2642 http fetch GET 200 https://registry.npmjs.org/safer-buffer/-/safer-buffer-2.1.2.tgz 610ms (cache miss)
2643 http fetch GET 200 https://registry.npmjs.org/http-errors/-/http-errors-1.7.3.tgz 642ms (cache miss)
2644 http fetch GET 200 https://registry.npmjs.org/wrappy/-/wrappy-1.0.2.tgz 677ms (cache miss)
2645 http fetch GET 200 https://registry.npmjs.org/once/-/once-1.4.0.tgz 695ms (cache miss)
2646 http fetch GET 200 https://registry.npmjs.org/end-of-stream/-/end-of-stream-1.4.5.tgz 735ms (cache miss)
2647 http fetch GET 200 https://registry.npmjs.org/iconv-lite/-/iconv-lite-0.4.24.tgz 835ms (cache miss)
2648 http fetch GET 200 https://registry.npmjs.org/esutils/-/esutils-2.0.3.tgz 851ms (cache miss)
2649 http fetch GET 200 https://registry.npmjs.org/bytes/-/bytes-3.1.0.tgz 863ms (cache miss)
2650 http fetch GET 200 https://registry.npmjs.org/estraverse/-/estraverse-5.3.0.tgz 900ms (cache miss)
2651 http fetch GET 200 https://registry.npmjs.org/unpipe/-/unpipe-1.0.0.tgz 905ms (cache miss)
2652 http fetch GET 200 https://registry.npmjs.org/escodegen/-/escodegen-2.1.0.tgz 920ms (cache miss)
2653 http fetch GET 200 https://registry.npmjs.org/@isaacs/fs-minipass/-/fs-minipass-4.0.1.tgz 963ms (cache miss)
2654 http fetch GET 200 https://registry.npmjs.org/os-paths/-/os-paths-4.4.0.tgz 968ms (cache miss)
2655 http fetch GET 200 https://registry.npmjs.org/isexe/-/isexe-2.0.0.tgz 968ms (cache miss)
2656 http fetch GET 200 https://registry.npmjs.org/netmask/-/netmask-2.1.1.tgz 977ms (cache miss)
2657 http fetch GET 200 https://registry.npmjs.org/data-uri-to-buffer/-/data-uri-to-buffer-6.0.2.tgz 981ms (cache miss)
2658 http fetch GET 200 https://registry.npmjs.org/@vercel/oidc/-/oidc-3.2.0.tgz 1103ms (cache miss)
2659 http fetch GET 200 https://registry.npmjs.org/get-uri/-/get-uri-6.0.5.tgz 1150ms (cache miss)
2660 http fetch GET 200 https://registry.npmjs.org/ast-types/-/ast-types-0.13.4.tgz 1157ms (cache miss)
2661 http fetch GET 200 https://registry.npmjs.org/socks-proxy-agent/-/socks-proxy-agent-8.0.5.tgz 1175ms (cache miss)
2662 http fetch GET 200 https://registry.npmjs.org/proxy-from-env/-/proxy-from-env-1.1.0.tgz 1204ms (cache miss)
2663 http fetch GET 200 https://registry.npmjs.org/@oxc-project/types/-/types-0.110.0.tgz 1206ms (cache miss)
2664 http fetch GET 200 https://registry.npmjs.org/toidentifier/-/toidentifier-1.0.0.tgz 1206ms (cache miss)
2665 http fetch GET 200 https://registry.npmjs.org/degenerator/-/degenerator-5.0.1.tgz 1210ms (cache miss)
2666 http fetch GET 200 https://registry.npmjs.org/yauzl/-/yauzl-2.10.0.tgz 1220ms (cache miss)
2667 http fetch GET 200 https://registry.npmjs.org/esprima/-/esprima-4.0.1.tgz 1224ms (cache miss)
2668 http fetch GET 200 https://registry.npmjs.org/tslib/-/tslib-2.8.1.tgz 1236ms (cache miss)
2669 http fetch GET 200 https://registry.npmjs.org/pac-proxy-agent/-/pac-proxy-agent-7.2.0.tgz 1480ms (cache miss)
2670 http fetch GET 200 https://registry.npmjs.org/@emnapi/wasi-threads/-/wasi-threads-1.2.1.tgz 1484ms (cache miss)
2671 http fetch GET 200 https://registry.npmjs.org/basic-ftp/-/basic-ftp-5.3.1.tgz 1488ms (cache miss)
2672 http fetch GET 200 https://registry.npmjs.org/@vercel/sandbox/-/sandbox-1.9.0.tgz 1507ms (cache miss)
2673 http fetch GET 200 https://registry.npmjs.org/pac-resolver/-/pac-resolver-7.0.1.tgz 1512ms (cache miss)
2674 http fetch GET 200 https://registry.npmjs.org/depd/-/depd-1.1.2.tgz 1520ms (cache miss)
2675 http fetch GET 200 https://registry.npmjs.org/abbrev/-/abbrev-3.0.1.tgz 1528ms (cache miss)
2676 http fetch GET 200 https://registry.npmjs.org/whatwg-url/-/whatwg-url-5.0.0.tgz 1546ms (cache miss)
2677 http fetch GET 200 https://registry.npmjs.org/@tybys/wasm-util/-/wasm-util-0.10.2.tgz 1642ms (cache miss)
2678 http fetch GET 200 https://registry.npmjs.org/parse-ms/-/parse-ms-2.1.0.tgz 1663ms (cache miss)
2679 http fetch GET 200 https://registry.npmjs.org/http-proxy-agent/-/http-proxy-agent-7.0.2.tgz 1672ms (cache miss)
2680 http fetch GET 200 https://registry.npmjs.org/content-type/-/content-type-1.0.4.tgz 1679ms (cache miss)
2681 http fetch GET 200 https://registry.npmjs.org/arg/-/arg-4.1.0.tgz 1697ms (cache miss)
2682 http fetch GET 200 https://registry.npmjs.org/mimic-fn/-/mimic-fn-2.1.0.tgz 1770ms (cache miss)
2683 http fetch GET 200 https://registry.npmjs.org/raw-body/-/raw-body-2.4.1.tgz 1799ms (cache miss)
2684 http fetch GET 200 https://registry.npmjs.org/@types/json-schema/-/json-schema-7.0.15.tgz 1849ms (cache miss)
2685 http fetch GET 200 https://registry.npmjs.org/mime-db/-/mime-db-1.52.0.tgz 1982ms (cache miss)
2686 http fetch GET 200 https://registry.npmjs.org/@isaacs/balanced-match/-/balanced-match-4.0.1.tgz 2007ms (cache miss)
2687 http fetch GET 200 https://registry.npmjs.org/agent-base/-/agent-base-7.1.4.tgz 2014ms (cache miss)
2688 http fetch GET 200 https://registry.npmjs.org/pump/-/pump-3.0.4.tgz 2045ms (cache miss)
2689 http fetch GET 200 https://registry.npmjs.org/@isaacs/brace-expansion/-/brace-expansion-5.0.1.tgz 2047ms (cache miss)
2690 http fetch GET 200 https://registry.npmjs.org/minipass/-/minipass-7.1.3.tgz 2206ms (cache miss)
2691 http fetch GET 200 https://registry.npmjs.org/math-intrinsics/-/math-intrinsics-1.1.0.tgz 2302ms (cache miss)
2692 http fetch GET 200 https://registry.npmjs.org/gopd/-/gopd-1.2.0.tgz 2321ms (cache miss)
2693 http fetch GET 200 https://registry.npmjs.org/has-symbols/-/has-symbols-1.1.0.tgz 2458ms (cache miss)
2694 http fetch GET 200 https://registry.npmjs.org/argparse/-/argparse-2.0.1.tgz 2589ms (cache miss)
2695 http fetch GET 200 https://registry.npmjs.org/get-proto/-/get-proto-1.0.1.tgz 2599ms (cache miss)
2696 http fetch GET 200 https://registry.npmjs.org/dunder-proto/-/dunder-proto-1.0.1.tgz 2605ms (cache miss)
2697 http fetch GET 200 https://registry.npmjs.org/es-define-property/-/es-define-property-1.0.1.tgz 2615ms (cache miss)
2698 http fetch GET 200 https://registry.npmjs.org/universalify/-/universalify-2.0.1.tgz 2630ms (cache miss)
2699 http fetch GET 200 https://registry.npmjs.org/@emnapi/core/-/core-1.10.0.tgz 2671ms (cache miss)
2700 http fetch GET 200 https://registry.npmjs.org/ts-toolbelt/-/ts-toolbelt-6.15.5.tgz 2677ms (cache miss)
2701 http fetch GET 200 https://registry.npmjs.org/has-tostringtag/-/has-tostringtag-1.0.2.tgz 2697ms (cache miss)
2702 http fetch GET 200 https://registry.npmjs.org/es-object-atoms/-/es-object-atoms-1.1.2.tgz 2712ms (cache miss)
2703 http fetch GET 200 https://registry.npmjs.org/delayed-stream/-/delayed-stream-1.0.0.tgz 2734ms (cache miss)
2704 http fetch GET 200 https://registry.npmjs.org/jsonfile/-/jsonfile-6.2.1.tgz 2753ms (cache miss)
2705 http fetch GET 200 https://registry.npmjs.org/hasown/-/hasown-2.0.4.tgz 2779ms (cache miss)
2706 http fetch GET 200 https://registry.npmjs.org/combined-stream/-/combined-stream-1.0.8.tgz 2797ms (cache miss)
2707 http fetch GET 200 https://registry.npmjs.org/asynckit/-/asynckit-0.4.0.tgz 2824ms (cache miss)
2708 http fetch GET 200 https://registry.npmjs.org/get-intrinsic/-/get-intrinsic-1.3.0.tgz 2900ms (cache miss)
2709 http fetch GET 200 https://registry.npmjs.org/which/-/which-2.0.2.tgz 2916ms (cache miss)
2710 http fetch GET 200 https://registry.npmjs.org/es-errors/-/es-errors-1.3.0.tgz 2924ms (cache miss)
2711 http fetch GET 200 https://registry.npmjs.org/p-finally/-/p-finally-2.0.1.tgz 2941ms (cache miss)
2712 http fetch GET 200 https://registry.npmjs.org/strip-final-newline/-/strip-final-newline-2.0.0.tgz 2956ms (cache miss)
2713 http fetch GET 200 https://registry.npmjs.org/path-key/-/path-key-3.1.1.tgz 2971ms (cache miss)
2714 http fetch GET 200 https://registry.npmjs.org/onetime/-/onetime-5.1.2.tgz 2973ms (cache miss)
2715 http fetch GET 200 https://registry.npmjs.org/is-stream/-/is-stream-2.0.1.tgz 2991ms (cache miss)
2716 http fetch GET 200 https://registry.npmjs.org/npm-run-path/-/npm-run-path-4.0.1.tgz 2991ms (cache miss)
2717 http fetch GET 200 https://registry.npmjs.org/merge-stream/-/merge-stream-2.0.0.tgz 3010ms (cache miss)
2718 http fetch GET 200 https://registry.npmjs.org/get-stream/-/get-stream-5.2.0.tgz 3011ms (cache miss)
2719 http fetch GET 200 https://registry.npmjs.org/time-span/-/time-span-4.0.0.tgz 3028ms (cache miss)
2720 http fetch GET 200 https://registry.npmjs.org/cross-spawn/-/cross-spawn-7.0.6.tgz 3034ms (cache miss)
2721 http fetch GET 200 https://registry.npmjs.org/es-set-tostringtag/-/es-set-tostringtag-2.1.0.tgz 3101ms (cache miss)
2722 http fetch GET 200 https://registry.npmjs.org/pretty-ms/-/pretty-ms-7.0.1.tgz 3149ms (cache miss)
2723 http fetch GET 200 https://registry.npmjs.org/picocolors/-/picocolors-1.0.0.tgz 3169ms (cache miss)
2724 http fetch GET 200 https://registry.npmjs.org/call-bind-apply-helpers/-/call-bind-apply-helpers-1.0.2.tgz 3296ms (cache miss)
2725 http fetch GET 200 https://registry.npmjs.org/signal-exit/-/signal-exit-4.0.2.tgz 3326ms (cache miss)
2726 http fetch GET 200 https://registry.npmjs.org/shebang-command/-/shebang-command-2.0.0.tgz 3329ms (cache miss)
2727 http fetch GET 200 https://registry.npmjs.org/lru-cache/-/lru-cache-11.5.1.tgz 3355ms (cache miss)
2728 http fetch GET 200 https://registry.npmjs.org/function-bind/-/function-bind-1.1.2.tgz 3420ms (cache miss)
2729 http fetch GET 200 https://registry.npmjs.org/file-uri-to-path/-/file-uri-to-path-1.0.0.tgz 3452ms (cache miss)
2730 http fetch GET 200 https://registry.npmjs.org/readdirp/-/readdirp-4.1.2.tgz 3569ms (cache miss)
2731 http fetch GET 200 https://registry.npmjs.org/@edge-runtime/ponyfill/-/ponyfill-2.4.2.tgz 3572ms (cache miss)
2732 http fetch GET 200 https://registry.npmjs.org/@edge-runtime/format/-/format-2.2.1.tgz 3633ms (cache miss)
2733 http fetch GET 200 https://registry.npmjs.org/@napi-rs/wasm-runtime/-/wasm-runtime-1.1.4.tgz 3644ms (cache miss)
2734 http fetch GET 200 https://registry.npmjs.org/require-from-string/-/require-from-string-2.0.2.tgz 3659ms (cache miss)
2735 http fetch GET 200 https://registry.npmjs.org/@oxc-transform/binding-darwin-arm64/-/binding-darwin-arm64-0.111.0.tgz 3669ms (cache miss)
2736 http fetch GET 200 https://registry.npmjs.org/fast-deep-equal/-/fast-deep-equal-3.1.3.tgz 3684ms (cache miss)
2737 http fetch GET 200 https://registry.npmjs.org/braces/-/braces-3.0.3.tgz 3700ms (cache miss)
2738 http fetch GET 200 https://registry.npmjs.org/json-schema-traverse/-/json-schema-traverse-1.0.0.tgz 3692ms (cache miss)
2739 http fetch GET 200 https://registry.npmjs.org/web-vitals/-/web-vitals-0.2.4.tgz 3763ms (cache miss)
2740 http fetch GET 200 https://registry.npmjs.org/ajv/-/ajv-8.6.3.tgz 3806ms (cache miss)
2741 http fetch GET 200 https://registry.npmjs.org/path-scurry/-/path-scurry-2.0.2.tgz 3835ms (cache miss)
2742 http fetch GET 200 https://registry.npmjs.org/human-signals/-/human-signals-1.1.1.tgz 3833ms (cache miss)
2743 http fetch GET 200 https://registry.npmjs.org/@vercel/gatsby-plugin-vercel-builder/-/gatsby-plugin-vercel-builder-2.2.10.tgz 3833ms (cache miss)
2744 http fetch GET 200 https://registry.npmjs.org/@emnapi/runtime/-/runtime-1.10.0.tgz 3841ms (cache miss)
2745 http fetch GET 200 https://registry.npmjs.org/retry/-/retry-0.13.1.tgz 3840ms (cache miss)
2746 http fetch GET 200 https://registry.npmjs.org/mri/-/mri-1.2.0.tgz 3850ms (cache miss)
2747 http fetch GET 200 https://registry.npmjs.org/undici-types/-/undici-types-5.26.5.tgz 3850ms (cache miss)
2748 http fetch GET 200 https://registry.npmjs.org/etag/-/etag-1.8.1.tgz 3893ms (cache miss)
2749 http fetch GET 200 https://registry.npmjs.org/minimatch/-/minimatch-10.1.1.tgz 3896ms (cache miss)
2750 http fetch GET 200 https://registry.npmjs.org/mime-types/-/mime-types-2.1.35.tgz 3912ms (cache miss)
2751 http fetch GET 200 https://registry.npmjs.org/path-to-regexp/-/path-to-regexp-6.3.0.tgz 3919ms (cache miss)
2752 http fetch GET 200 https://registry.npmjs.org/js-yaml/-/js-yaml-4.1.1.tgz 3937ms (cache miss)
2753 http fetch GET 200 https://registry.npmjs.org/json-schema-to-ts/-/json-schema-to-ts-1.6.4.tgz 3951ms (cache miss)
2754 http fetch GET 200 https://registry.npmjs.org/edge-runtime/-/edge-runtime-2.5.9.tgz 3979ms (cache miss)
2755 http fetch GET 200 https://registry.npmjs.org/@vercel/gatsby-plugin-vercel-analytics/-/gatsby-plugin-vercel-analytics-1.0.11.tgz 4063ms (cache miss)
2756 http fetch GET 200 https://registry.npmjs.org/@vercel/error-utils/-/error-utils-2.1.0.tgz 4172ms (cache miss)
2757 http fetch GET 200 https://registry.npmjs.org/detect-libc/-/detect-libc-2.1.2.tgz 4218ms (cache miss)
2758 http fetch GET 200 https://registry.npmjs.org/@edge-runtime/vm/-/vm-3.2.0.tgz 4220ms (cache miss)
2759 http fetch GET 200 https://registry.npmjs.org/resolve-from/-/resolve-from-5.0.0.tgz 4233ms (cache miss)
2760 http fetch GET 200 https://registry.npmjs.org/nopt/-/nopt-8.1.0.tgz 4248ms (cache miss)
2761 http fetch GET 200 https://registry.npmjs.org/node-gyp-build/-/node-gyp-build-4.8.4.tgz 4252ms (cache miss)
2762 http fetch GET 200 https://registry.npmjs.org/@bytecodealliance/preview2-shim/-/preview2-shim-0.17.6.tgz 4390ms (cache miss)
2763 http fetch GET 200 https://registry.npmjs.org/graceful-fs/-/graceful-fs-4.2.11.tgz 4410ms (cache miss)
2764 http fetch GET 200 https://registry.npmjs.org/source-map/-/source-map-0.6.1.tgz 4463ms (cache miss)
2765 http fetch GET 200 https://registry.npmjs.org/estree-walker/-/estree-walker-2.0.2.tgz 4477ms (cache miss)
2766 http fetch GET 200 https://registry.npmjs.org/picomatch/-/picomatch-4.0.4.tgz 4562ms (cache miss)
2767 http fetch GET 200 https://registry.npmjs.org/@types/estree/-/estree-1.0.9.tgz 4631ms (cache miss)
2768 http fetch GET 200 https://registry.npmjs.org/async-sema/-/async-sema-3.1.1.tgz 4690ms (cache miss)
2769 http fetch GET 200 https://registry.npmjs.org/https-proxy-agent/-/https-proxy-agent-7.0.6.tgz 4755ms (cache miss)
2770 http fetch GET 200 https://registry.npmjs.org/consola/-/consola-3.4.2.tgz 4851ms (cache miss)
2771 http fetch GET 200 https://registry.npmjs.org/uri-js/-/uri-js-4.4.1.tgz 4894ms (cache miss)
2772 http fetch GET 200 https://registry.npmjs.org/acorn-import-attributes/-/acorn-import-attributes-1.9.5.tgz 4937ms (cache miss)
2773 http fetch GET 200 https://registry.npmjs.org/@edge-runtime/primitives/-/primitives-4.1.0.tgz 4948ms (cache miss)
2774 http fetch GET 200 https://registry.npmjs.org/tree-kill/-/tree-kill-1.2.2.tgz 4966ms (cache miss)
2775 http fetch GET 200 https://registry.npmjs.org/uid-promise/-/uid-promise-1.0.0.tgz 4984ms (cache miss)
2776 http fetch GET 200 https://registry.npmjs.org/@mapbox/node-pre-gyp/-/node-pre-gyp-2.0.3.tgz 5295ms (cache miss)
2777 http fetch GET 200 https://registry.npmjs.org/bindings/-/bindings-1.5.0.tgz 5449ms (cache miss)
2778 http fetch GET 200 https://registry.npmjs.org/@rollup/pluginutils/-/pluginutils-5.4.0.tgz 5461ms (cache miss)
2779 http fetch GET 200 https://registry.npmjs.org/tinyexec/-/tinyexec-0.3.2.tgz 5465ms (cache miss)
2780 http fetch GET 200 https://registry.npmjs.org/promisepipe/-/promisepipe-3.0.0.tgz 5479ms (cache miss)
2781 http fetch GET 200 https://registry.npmjs.org/stream-to-promise/-/stream-to-promise-2.2.0.tgz 5479ms (cache miss)
2782 http fetch GET 200 https://registry.npmjs.org/stat-mode/-/stat-mode-0.3.0.tgz 5497ms (cache miss)
2783 http fetch GET 200 https://registry.npmjs.org/yauzl-promise/-/yauzl-promise-2.1.3.tgz 5536ms (cache miss)
2784 http fetch GET 200 https://registry.npmjs.org/ms/-/ms-2.1.1.tgz 5568ms (cache miss)
2785 http fetch GET 200 https://registry.npmjs.org/@renovatebot/pep440/-/pep440-4.2.1.tgz 5662ms (cache miss)
2786 http fetch GET 200 https://registry.npmjs.org/micro/-/micro-9.3.5-canary.3.tgz 5702ms (cache miss)
2787 http fetch GET 200 https://registry.npmjs.org/async-listen/-/async-listen-1.2.0.tgz 5720ms (cache miss)
2788 http fetch GET 200 https://registry.npmjs.org/semver/-/semver-7.5.4.tgz 5747ms (cache miss)
2789 http fetch GET 200 https://registry.npmjs.org/debug/-/debug-4.3.4.tgz 5792ms (cache miss)
2790 http fetch GET 200 https://registry.npmjs.org/glob/-/glob-13.0.6.tgz 6049ms (cache miss)
2791 http fetch GET 200 https://registry.npmjs.org/@edge-runtime/node-utils/-/node-utils-2.3.0.tgz 6091ms (cache miss)
2792 http fetch GET 200 https://registry.npmjs.org/@vercel/cervel/-/cervel-0.1.11.tgz 6094ms (cache miss)
2793 http fetch GET 200 https://registry.npmjs.org/xdg-app-paths/-/xdg-app-paths-5.5.1.tgz 6123ms (cache miss)
2794 http fetch GET 200 https://registry.npmjs.org/ts-morph/-/ts-morph-12.0.0.tgz 6166ms (cache miss)
2795 http fetch GET 200 https://registry.npmjs.org/es-module-lexer/-/es-module-lexer-1.5.0.tgz 6190ms (cache miss)
2796 http fetch GET 200 https://registry.npmjs.org/generic-pool/-/generic-pool-3.4.2.tgz 6196ms (cache miss)
2797 http fetch GET 200 https://registry.npmjs.org/tar/-/tar-7.5.7.tgz 6456ms (cache miss)
2798 warn deprecated tar@7.5.7: Old versions of tar are not supported, and contain widely publicized security vulnerabilities, which have been fixed in the current version. Please update. Support for old versions may be purchased (at exorbitant rates) by contacting i@izs.me
2799 http fetch GET 200 https://registry.npmjs.org/throttleit/-/throttleit-2.1.0.tgz 6482ms (cache miss)
2800 http fetch GET 200 https://registry.npmjs.org/@tootallnate/once/-/once-2.0.0.tgz 6483ms (cache miss)
2801 http fetch GET 200 https://registry.npmjs.org/is-buffer/-/is-buffer-2.0.5.tgz 6501ms (cache miss)
2802 http fetch GET 200 https://registry.npmjs.org/is-node-process/-/is-node-process-1.2.0.tgz 6504ms (cache miss)
2803 http fetch GET 200 https://registry.npmjs.org/@vercel/static-config/-/static-config-3.4.0.tgz 6538ms (cache miss)
2804 http fetch GET 200 https://registry.npmjs.org/async-retry/-/async-retry-1.3.3.tgz 6563ms (cache miss)
2805 http fetch GET 200 https://registry.npmjs.org/node-fetch/-/node-fetch-2.6.7.tgz 6689ms (cache miss)
2806 http fetch GET 200 https://registry.npmjs.org/acorn/-/acorn-8.16.0.tgz 6693ms (cache miss)
2807 http fetch GET 200 https://registry.npmjs.org/oxc-transform/-/oxc-transform-0.111.0.tgz 6718ms (cache miss)
2808 http fetch GET 200 https://registry.npmjs.org/path-to-regexp/-/path-to-regexp-8.3.0.tgz 6756ms (cache miss)
2809 http fetch GET 200 https://registry.npmjs.org/get-port/-/get-port-5.1.1.tgz 6777ms (cache miss)
2810 http fetch GET 200 https://registry.npmjs.org/resolve.exports/-/resolve.exports-2.0.3.tgz 6852ms (cache miss)
2811 http fetch GET 200 https://registry.npmjs.org/fs-extra/-/fs-extra-11.1.0.tgz 7057ms (cache miss)
2812 http fetch GET 200 https://registry.npmjs.org/cjs-module-lexer/-/cjs-module-lexer-1.2.3.tgz 7105ms (cache miss)
2813 http fetch GET 200 https://registry.npmjs.org/smol-toml/-/smol-toml-1.5.2.tgz 7139ms (cache miss)
2814 http fetch GET 200 https://registry.npmjs.org/@types/node/-/node-20.11.0.tgz 7155ms (cache miss)
2815 http fetch GET 200 https://registry.npmjs.org/proxy-agent/-/proxy-agent-6.4.0.tgz 7169ms (cache miss)
2816 http fetch GET 200 https://registry.npmjs.org/srvx/-/srvx-0.8.9.tgz 7228ms (cache miss)
2817 http fetch GET 200 https://registry.npmjs.org/execa/-/execa-3.2.0.tgz 7349ms (cache miss)
2818 http fetch GET 200 https://registry.npmjs.org/@sinclair/typebox/-/typebox-0.25.24.tgz 7426ms (cache miss)
2819 http fetch GET 200 https://registry.npmjs.org/undici/-/undici-6.26.0.tgz 7431ms (cache miss)
2820 http fetch GET 200 https://registry.npmjs.org/tsx/-/tsx-4.21.0.tgz 7438ms (cache miss)
2821 http fetch GET 200 https://registry.npmjs.org/esbuild/-/esbuild-0.27.0.tgz 7441ms (cache miss)
2822 http fetch GET 200 https://registry.npmjs.org/@tootallnate/quickjs-emscripten/-/quickjs-emscripten-0.23.0.tgz 7585ms (cache miss)
2823 http fetch GET 200 https://registry.npmjs.org/form-data/-/form-data-4.0.5.tgz 7717ms (cache miss)
2824 http fetch GET 200 https://registry.npmjs.org/@vercel/ruby/-/ruby-2.4.0.tgz 7800ms (cache miss)
2825 http fetch GET 200 https://registry.npmjs.org/@vercel/rust/-/rust-1.3.0.tgz 8041ms (cache miss)
2826 http fetch GET 200 https://registry.npmjs.org/@vercel/python/-/python-6.44.0.tgz 8087ms (cache miss)
2827 http fetch GET 200 https://registry.npmjs.org/chokidar/-/chokidar-4.0.0.tgz 8156ms (cache miss)
2828 http fetch GET 200 https://registry.npmjs.org/rolldown/-/rolldown-1.0.0-rc.1.tgz 8435ms (cache miss)
2829 http fetch GET 200 https://registry.npmjs.org/@vercel/static-build/-/static-build-2.9.33.tgz 8476ms (cache miss)
2830 http fetch GET 200 https://registry.npmjs.org/@vercel/redwood/-/redwood-2.4.15.tgz 8476ms (cache miss)
2831 http fetch GET 200 https://registry.npmjs.org/@vercel/prepare-flags-definitions/-/prepare-flags-definitions-0.2.1.tgz 8493ms (cache miss)
2832 http fetch GET 200 https://registry.npmjs.org/@vercel/nft/-/nft-1.10.0.tgz 8567ms (cache miss)
2833 http fetch GET 200 https://registry.npmjs.org/@vercel/remix-builder/-/remix-builder-5.8.4.tgz 8678ms (cache miss)
2834 http fetch GET 200 https://registry.npmjs.org/@vercel/hydrogen/-/hydrogen-1.3.8.tgz 8689ms (cache miss)
2835 http fetch GET 200 https://registry.npmjs.org/@vercel/koa/-/koa-0.1.67.tgz 8881ms (cache miss)
2836 http fetch GET 200 https://registry.npmjs.org/@vercel/h3/-/h3-0.1.93.tgz 8915ms (cache miss)
2837 http fetch GET 200 https://registry.npmjs.org/@vercel/nestjs/-/nestjs-0.2.88.tgz 8935ms (cache miss)
2838 http fetch GET 200 https://registry.npmjs.org/@vercel/hono/-/hono-0.2.87.tgz 8999ms (cache miss)
2839 http fetch GET 200 https://registry.npmjs.org/@vercel/next/-/next-4.17.5.tgz 9001ms (cache miss)
2840 http fetch GET 200 https://registry.npmjs.org/@vercel/fastify/-/fastify-0.1.87.tgz 9169ms (cache miss)
2841 http fetch GET 200 https://registry.npmjs.org/@vercel/fun/-/fun-1.3.0.tgz 9184ms (cache miss)
2842 http fetch GET 200 https://registry.npmjs.org/@vercel/cli-config/-/cli-config-0.1.2.tgz 9407ms (cache miss)
2843 http fetch GET 200 https://registry.npmjs.org/@vercel/elysia/-/elysia-0.1.84.tgz 9435ms (cache miss)
2844 http fetch GET 200 https://registry.npmjs.org/@vercel/express/-/express-0.1.94.tgz 9440ms (cache miss)
2845 http fetch GET 200 https://registry.npmjs.org/jose/-/jose-5.9.6.tgz 9500ms (cache miss)
2846 http fetch GET 200 https://registry.npmjs.org/@vercel/blob/-/blob-2.4.0.tgz 9602ms (cache miss)
2847 http fetch GET 200 https://registry.npmjs.org/@vercel/detect-agent/-/detect-agent-1.2.3.tgz 9630ms (cache miss)
2848 http fetch GET 200 https://registry.npmjs.org/minimatch/-/minimatch-3.1.5.tgz 9690ms (cache miss)
2849 http fetch GET 200 https://registry.npmjs.org/zod/-/zod-3.24.4.tgz 9851ms (cache miss)
2850 http fetch GET 200 https://registry.npmjs.org/xdg-app-paths/-/xdg-app-paths-5.1.0.tgz 9903ms (cache miss)
2851 http fetch GET 200 https://registry.npmjs.org/picocolors/-/picocolors-1.1.1.tgz 9929ms (cache miss)
2852 http fetch GET 200 https://registry.npmjs.org/@vercel/node/-/node-5.8.8.tgz 10131ms (cache miss)
2853 http fetch GET 200 https://registry.npmjs.org/ms/-/ms-2.1.3.tgz 10150ms (cache miss)
2854 http fetch GET 200 https://registry.npmjs.org/async-listen/-/async-listen-3.0.1.tgz 10187ms (cache miss)
2855 http fetch GET 200 https://registry.npmjs.org/@vercel/build-utils/-/build-utils-13.26.4.tgz 10415ms (cache miss)
2856 http fetch GET 200 https://registry.npmjs.org/end-of-stream/-/end-of-stream-1.1.0.tgz 10430ms (cache miss)
2857 http fetch GET 200 https://registry.npmjs.org/balanced-match/-/balanced-match-4.0.4.tgz 10438ms (cache miss)
2858 http fetch GET 200 https://registry.npmjs.org/@vercel/backends/-/backends-0.8.3.tgz 10440ms (cache miss)
2859 http fetch GET 200 https://registry.npmjs.org/once/-/once-1.3.3.tgz 10474ms (cache miss)
2860 http fetch GET 200 https://registry.npmjs.org/yallist/-/yallist-4.0.0.tgz 10493ms (cache miss)
2861 http fetch GET 200 https://registry.npmjs.org/ms/-/ms-2.1.2.tgz 10509ms (cache miss)
2862 http fetch GET 200 https://registry.npmjs.org/lru-cache/-/lru-cache-6.0.0.tgz 10526ms (cache miss)
2863 http fetch GET 200 https://registry.npmjs.org/ms/-/ms-2.1.3.tgz 10562ms (cache miss)
2864 http fetch GET 200 https://registry.npmjs.org/brace-expansion/-/brace-expansion-5.0.6.tgz 10694ms (cache miss)
2865 http fetch GET 200 https://registry.npmjs.org/signal-exit/-/signal-exit-3.0.7.tgz 10711ms (cache miss)
2866 http fetch GET 200 https://registry.npmjs.org/@vercel/go/-/go-3.8.0.tgz 10722ms (cache miss)
2867 http fetch GET 200 https://registry.npmjs.org/signal-exit/-/signal-exit-3.0.7.tgz 10747ms (cache miss)
2868 http fetch GET 200 https://registry.npmjs.org/picomatch/-/picomatch-2.3.2.tgz 10938ms (cache miss)
2869 http fetch GET 200 https://registry.npmjs.org/zod/-/zod-3.22.4.tgz 11022ms (cache miss)
2870 http fetch GET 200 https://registry.npmjs.org/get-stream/-/get-stream-6.0.1.tgz 11186ms (cache miss)
2871 http fetch GET 200 https://registry.npmjs.org/human-signals/-/human-signals-2.1.0.tgz 11227ms (cache miss)
2872 http fetch GET 200 https://registry.npmjs.org/lru-cache/-/lru-cache-7.18.3.tgz 11239ms (cache miss)
2873 http fetch GET 200 https://registry.npmjs.org/debug/-/debug-4.4.3.tgz 11246ms (cache miss)
2874 http fetch GET 200 https://registry.npmjs.org/zod/-/zod-4.1.11.tgz 11464ms (cache miss)
2875 http fetch GET 200 https://registry.npmjs.org/path-to-regexp/-/path-to-regexp-6.1.0.tgz 11507ms (cache miss)
2876 http fetch GET 200 https://registry.npmjs.org/node-fetch/-/node-fetch-2.6.9.tgz 11541ms (cache miss)
2877 http fetch GET 200 https://registry.npmjs.org/es-module-lexer/-/es-module-lexer-1.4.1.tgz 11563ms (cache miss)
2878 http fetch GET 200 https://registry.npmjs.org/async-listen/-/async-listen-3.0.0.tgz 11582ms (cache miss)
2879 http fetch GET 200 https://registry.npmjs.org/undici/-/undici-7.26.0.tgz 11592ms (cache miss)
2880 http fetch GET 200 https://registry.npmjs.org/semver/-/semver-6.3.1.tgz 11599ms (cache miss)
2881 http fetch GET 200 https://registry.npmjs.org/xdg-app-paths/-/xdg-app-paths-5.1.0.tgz 11610ms (cache miss)
2882 http fetch GET 200 https://registry.npmjs.org/fs-extra/-/fs-extra-11.1.1.tgz 11611ms (cache miss)
2883 http fetch GET 200 https://registry.npmjs.org/path-to-regexp/-/path-to-regexp-8.2.0.tgz 11622ms (cache miss)
2884 http fetch GET 200 https://registry.npmjs.org/luxon/-/luxon-3.7.2.tgz 11917ms (cache miss)
2885 http fetch GET 200 https://registry.npmjs.org/@tootallnate%2fonce 11774ms (cache miss)
2886 silly packumentCache corgi:https://registry.npmjs.org/@tootallnate%2fonce set size:undefined disposed:false
2887 http fetch GET 200 https://registry.npmjs.org/execa/-/execa-5.1.1.tgz 11958ms (cache miss)
2888 http fetch GET 200 https://registry.npmjs.org/path-to-regexp 11801ms (cache miss)
2889 silly packumentCache corgi:https://registry.npmjs.org/path-to-regexp set size:undefined disposed:false
2890 http fetch GET 200 https://registry.npmjs.org/minimatch/-/minimatch-10.2.5.tgz 12044ms (cache miss)
2891 http fetch GET 200 https://registry.npmjs.org/undici 11887ms (cache miss)
2892 silly packumentCache corgi:https://registry.npmjs.org/undici set size:undefined disposed:false
2893 http fetch GET 200 https://registry.npmjs.org/smol-toml 11913ms (cache miss)
2894 silly packumentCache corgi:https://registry.npmjs.org/smol-toml set size:undefined disposed:false
2895 http fetch GET 200 https://registry.npmjs.org/minimatch 11919ms (cache miss)
2896 silly packumentCache corgi:https://registry.npmjs.org/minimatch set size:undefined disposed:false
2897 http fetch GET 200 https://registry.npmjs.org/zod/-/zod-3.22.4.tgz 12203ms (cache miss)
2898 http fetch GET 200 https://registry.npmjs.org/ajv 12040ms (cache miss)
2899 silly packumentCache corgi:https://registry.npmjs.org/ajv set size:undefined disposed:false
2900 http fetch GET 200 https://registry.npmjs.org/undici/-/undici-5.28.4.tgz 12226ms (cache miss)
2901 http fetch GET 200 https://registry.npmjs.org/zod/-/zod-3.22.4.tgz 12334ms (cache miss)
2902 http fetch GET 200 https://registry.npmjs.org/tar 12626ms (cache miss)
2903 silly packumentCache corgi:https://registry.npmjs.org/tar set size:undefined disposed:false
2904 http fetch GET 200 https://registry.npmjs.org/@vercel/python-analysis/-/python-analysis-0.11.1.tgz 12830ms (cache miss)
2905 http fetch GET 200 https://registry.npmjs.org/zod/-/zod-3.22.4.tgz 12853ms (cache miss)
2906 http fetch GET 200 https://registry.npmjs.org/path-to-regexp/-/path-to-regexp-6.1.0.tgz 12864ms (cache miss)
2907 http fetch GET 200 https://registry.npmjs.org/@ts-morph/common/-/common-0.11.1.tgz 13361ms (cache miss)
2908 http fetch GET 200 https://registry.npmjs.org/srvx 13298ms (cache miss)
2909 silly packumentCache corgi:https://registry.npmjs.org/srvx set size:undefined disposed:false
2910 silly packumentCache corgi:https://registry.npmjs.org/vercel cache-miss
2911 silly packumentCache corgi:https://registry.npmjs.org/@vercel%2frust cache-miss
2912 silly packumentCache corgi:https://registry.npmjs.org/@vercel%2fpython-analysis cache-miss
2913 http cache https://registry.npmjs.org/vercel 8ms (cache hit)
2914 silly packumentCache corgi:https://registry.npmjs.org/vercel set size:4249448 disposed:false
2915 http fetch GET 200 https://registry.npmjs.org/@vercel%2frust 542ms (cache miss)
2916 silly packumentCache corgi:https://registry.npmjs.org/@vercel%2frust set size:undefined disposed:false
2917 http fetch GET 200 https://registry.npmjs.org/@vercel%2fpython-analysis 887ms (cache miss)
2918 silly packumentCache corgi:https://registry.npmjs.org/@vercel%2fpython-analysis set size:undefined disposed:false
2919 silly packumentCache corgi:https://registry.npmjs.org/@vercel%2fnode cache-miss
2920 silly packumentCache corgi:https://registry.npmjs.org/@vercel%2fremix-builder cache-miss
2921 http fetch GET 200 https://registry.npmjs.org/@vercel%2fremix-builder 46ms (cache miss)
2922 silly packumentCache corgi:https://registry.npmjs.org/@vercel%2fremix-builder set size:undefined disposed:false
2923 http fetch GET 200 https://registry.npmjs.org/@esbuild/darwin-arm64/-/darwin-arm64-0.27.0.tgz 14942ms (cache miss)
2924 http fetch GET 200 https://registry.npmjs.org/@vercel%2fnode 948ms (cache miss)
2925 silly packumentCache corgi:https://registry.npmjs.org/@vercel%2fnode set size:undefined disposed:false
2926 silly packumentCache corgi:https://registry.npmjs.org/@vercel%2fbackends cache-miss
2927 silly packumentCache corgi:https://registry.npmjs.org/@vercel%2fexpress cache-miss
2928 silly packumentCache corgi:https://registry.npmjs.org/@vercel%2fhono cache-miss
2929 silly packumentCache corgi:https://registry.npmjs.org/@vercel%2ffun cache-miss
2930 http fetch GET 200 https://registry.npmjs.org/@vercel%2fbackends 427ms (cache miss)
2931 silly packumentCache corgi:https://registry.npmjs.org/@vercel%2fbackends set size:undefined disposed:false
2932 http fetch GET 200 https://registry.npmjs.org/vercel/-/vercel-54.6.1.tgz 15809ms (cache miss)
2933 http fetch GET 200 https://registry.npmjs.org/@vercel%2ffun 503ms (cache miss)
2934 silly packumentCache corgi:https://registry.npmjs.org/@vercel%2ffun set size:undefined disposed:false
2935 http fetch GET 200 https://registry.npmjs.org/typescript/-/typescript-5.9.3.tgz 15909ms (cache miss)
2936 http fetch GET 200 https://registry.npmjs.org/@vercel%2fexpress 673ms (cache miss)
2937 silly packumentCache corgi:https://registry.npmjs.org/@vercel%2fexpress set size:undefined disposed:false
2938 http fetch GET 200 https://registry.npmjs.org/@vercel%2fhono 1083ms (cache miss)
2939 silly packumentCache corgi:https://registry.npmjs.org/@vercel%2fhono set size:undefined disposed:false
2940 silly packumentCache corgi:https://registry.npmjs.org/@mapbox%2fnode-pre-gyp cache-miss
2941 http fetch GET 200 https://registry.npmjs.org/@mapbox%2fnode-pre-gyp 270ms (cache miss)
2942 silly packumentCache corgi:https://registry.npmjs.org/@mapbox%2fnode-pre-gyp set size:undefined disposed:false
2943 silly packumentCache corgi:https://registry.npmjs.org/@vercel%2fstatic-config cache-miss
2944 http fetch GET 200 https://registry.npmjs.org/@vercel%2fstatic-config 909ms (cache miss)
2945 silly packumentCache corgi:https://registry.npmjs.org/@vercel%2fstatic-config set size:undefined disposed:false
2946 silly packumentCache corgi:https://registry.npmjs.org/@vercel%2fbuild-utils cache-miss
2947 silly packumentCache corgi:https://registry.npmjs.org/@vercel%2fpython cache-miss
2948 http fetch GET 200 https://registry.npmjs.org/@vercel%2fbuild-utils 230ms (cache miss)
2949 silly packumentCache corgi:https://registry.npmjs.org/@vercel%2fbuild-utils set size:undefined disposed:false
2950 http fetch GET 200 https://registry.npmjs.org/@rolldown/binding-darwin-arm64/-/binding-darwin-arm64-1.0.0-rc.1.tgz 17941ms (cache miss)
2951 http fetch GET 200 https://registry.npmjs.org/@vercel%2fpython 581ms (cache miss)
2952 silly packumentCache corgi:https://registry.npmjs.org/@vercel%2fpython set size:undefined disposed:false
2953 silly packumentCache corgi:https://registry.npmjs.org/@vercel%2felysia cache-miss
2954 silly packumentCache corgi:https://registry.npmjs.org/@vercel%2ffastify cache-miss
2955 silly packumentCache corgi:https://registry.npmjs.org/@vercel%2fh3 cache-miss
2956 silly packumentCache corgi:https://registry.npmjs.org/@vercel%2fkoa cache-miss
2957 silly packumentCache corgi:https://registry.npmjs.org/@vercel%2fnestjs cache-miss
2958 http fetch GET 200 https://registry.npmjs.org/@vercel%2ffastify 129ms (cache miss)
2959 silly packumentCache corgi:https://registry.npmjs.org/@vercel%2ffastify set size:undefined disposed:false
2960 http fetch GET 200 https://registry.npmjs.org/@vercel%2felysia 512ms (cache miss)
2961 silly packumentCache corgi:https://registry.npmjs.org/@vercel%2felysia set size:undefined disposed:false
2962 http fetch GET 200 https://registry.npmjs.org/@vercel%2fnestjs 520ms (cache miss)
2963 silly packumentCache corgi:https://registry.npmjs.org/@vercel%2fnestjs set size:undefined disposed:false
2964 http fetch GET 200 https://registry.npmjs.org/@vercel%2fkoa 524ms (cache miss)
2965 silly packumentCache corgi:https://registry.npmjs.org/@vercel%2fkoa set size:undefined disposed:false
2966 http fetch GET 200 https://registry.npmjs.org/@vercel%2fh3 599ms (cache miss)
2967 silly packumentCache corgi:https://registry.npmjs.org/@vercel%2fh3 set size:undefined disposed:false
2968 silly packumentCache corgi:https://registry.npmjs.org/@vercel%2fcervel cache-miss
2969 http fetch GET 200 https://registry.npmjs.org/@vercel%2fcervel 281ms (cache miss)
2970 silly packumentCache corgi:https://registry.npmjs.org/@vercel%2fcervel set size:undefined disposed:false
2971 silly packumentCache corgi:https://registry.npmjs.org/@vercel%2fhydrogen cache-miss
2972 silly packumentCache corgi:https://registry.npmjs.org/@vercel%2fredwood cache-miss
2973 silly packumentCache corgi:https://registry.npmjs.org/@vercel%2fstatic-build cache-miss
2974 http fetch GET 200 https://registry.npmjs.org/@vercel%2fhydrogen 59ms (cache miss)
2975 silly packumentCache corgi:https://registry.npmjs.org/@vercel%2fhydrogen set size:undefined disposed:false
2976 http fetch GET 200 https://registry.npmjs.org/@vercel%2fredwood 528ms (cache miss)
2977 silly packumentCache corgi:https://registry.npmjs.org/@vercel%2fredwood set size:undefined disposed:false
2978 http fetch GET 200 https://registry.npmjs.org/sandbox/-/sandbox-2.5.6.tgz 21153ms (cache miss)
2979 info run fsevents@2.3.3 install node_modules/fsevents node-gyp rebuild
2980 http fetch GET 200 https://registry.npmjs.org/@vercel%2fstatic-build 3742ms (cache miss)
2981 silly packumentCache corgi:https://registry.npmjs.org/@vercel%2fstatic-build set size:undefined disposed:false
2982 silly packumentCache corgi:https://registry.npmjs.org/@vercel%2fgatsby-plugin-vercel-builder cache-miss
2983 http fetch GET 200 https://registry.npmjs.org/@vercel%2fgatsby-plugin-vercel-builder 376ms (cache miss)
2984 silly packumentCache corgi:https://registry.npmjs.org/@vercel%2fgatsby-plugin-vercel-builder set size:undefined disposed:false
2985 info run fsevents@2.3.3 install { code: 1, signal: null }
2986 verbose reify failed optional dependency /Users/fihsar/trae_projects/pmo-pulse/.tmp-home/.npm/_npx/69f9afb961c37556/node_modules/fsevents
2987 silly reify mark deleted [
2987 silly reify   '/Users/fihsar/trae_projects/pmo-pulse/.tmp-home/.npm/_npx/69f9afb961c37556/node_modules/fsevents'
2987 silly reify ]
2988 info run esbuild@0.27.0 postinstall node_modules/esbuild node install.js
2989 info run esbuild@0.27.0 postinstall { code: 0, signal: null }
2990 verbose cwd /Users/fihsar/trae_projects/pmo-pulse
2991 verbose os Darwin 25.5.0
2992 verbose node v24.15.0
2993 verbose npm  v11.12.1
2994 notice
2994 notice New [33mminor[39m version of npm available! [33m11.12.1[39m -> [34m11.16.0[39m
2994 notice Changelog: [34mhttps://github.com/npm/cli/releases/tag/v11.16.0[39m
2994 notice To update run: [4mnpm install -g npm@11.16.0[24m
2994 notice  { force: true, Symbol(proc-log.meta): true }
2995 verbose exit 1
2996 verbose code 1
